id,name,read,pattern,sequence,feature_type,target_gene_id,target_gene_name
AASS_P1P2_A,AASS_P1P2_A,R2,(BC)GTTTCAGAGCTAAGCACAAG,GCGACTCGGAAGATTCGAGG,CRISPR Guide Capture,Non-Targeting,Non-Targeting
AASS_P1P2_B,AASS_P1P2_B,R2,(BC)GTTTAAGAGCTAAGCTGGAA,GACAAGTCGGCGCCCCAGAG,CRISPR Guide Capture,Non-Targeting,Non-Targeting
ACAT2_P1P2_A,ACAT2_P1P2_A,R2,(BC)GTTTCAGAGCTAAGCACAAG,GCCGCCCGCGGCAGGCCTGT,CRISPR Guide Capture,Non-Targeting,Non-Targeting
ACAT2_P1P2_B,ACAT2_P1P2_B,R2,(BC)GTTTAAGAGCTAAGCTGGAA,GCTACCTCAGGTCCCGCCCG,CRISPR Guide Capture,Non-Targeting,Non-Targeting
ACLY_P1P2_A,ACLY_P1P2_A,R2,(BC)GTTTCAGAGCTAAGCACAAG,GCCGGTAGCTTCCCGGGATC,CRISPR Guide Capture,Non-Targeting,Non-Targeting
ACLY_P1P2_B,ACLY_P1P2_B,R2,(BC)GTTTAAGAGCTAAGCTGGAA,GCTTCGGCAGAGGTGAGCAC,CRISPR Guide Capture,Non-Targeting,Non-Targeting
ACTN1_P1P2_A,ACTN1_P1P2_A,R2,(BC)GTTTCAGAGCTAAGCACAAG,GCTGCTACTGGCGGCGACAG,CRISPR Guide Capture,Non-Targeting,Non-Targeting
ACTN1_P1P2_B,ACTN1_P1P2_B,R2,(BC)GTTTAAGAGCTAAGCTGGAA,GTGCTGGCGAAGGCTGCTAC,CRISPR Guide Capture,Non-Targeting,Non-Targeting
ACVR1B_P1P2_A,ACVR1B_P1P2_A,R2,(BC)GTTTCAGAGCTAAGCACAAG,GGCGGCGGCGGTGGTTACTA,CRISPR Guide Capture,Non-Targeting,Non-Targeting
ACVR1B_P1P2_B,ACVR1B_P1P2_B,R2,(BC)GTTTAAGAGCTAAGCTGGAA,GGCGAGCAGGAGGACAACAA,CRISPR Guide Capture,Non-Targeting,Non-Targeting
ADNP_P1P2_A,ADNP_P1P2_A,R2,(BC)GTTTCAGAGCTAAGCACAAG,GGCGCCTCGAGGCCGAGTCA,CRISPR Guide Capture,Non-Targeting,Non-Targeting
ADNP_P1P2_B,ADNP_P1P2_B,R2,(BC)GTTTAAGAGCTAAGCTGGAA,GCAGCAGCGGGGACCGAGAG,CRISPR Guide Capture,Non-Targeting,Non-Targeting
AKT2_P1P2_A,AKT2_P1P2_A,R2,(BC)GTTTCAGAGCTAAGCACAAG,GGTATTTCCGTCCAGAGGGT,CRISPR Guide Capture,Non-Targeting,Non-Targeting
AKT2_P1P2_B,AKT2_P1P2_B,R2,(BC)GTTTAAGAGCTAAGCTGGAA,GTGGCGCACTCACCTGTCAC,CRISPR Guide Capture,Non-Targeting,Non-Targeting
ANKZF1_P1P2_A,ANKZF1_P1P2_A,R2,(BC)GTTTCAGAGCTAAGCACAAG,GGAGCGGCTCGCAAGTCCTC,CRISPR Guide Capture,Non-Targeting,Non-Targeting
ANKZF1_P1P2_B,ANKZF1_P1P2_B,R2,(BC)GTTTAAGAGCTAAGCTGGAA,GGAGCAGCGAAGAGGACAAC,CRISPR Guide Capture,Non-Targeting,Non-Targeting
ANTXR1_P1P2_A,ANTXR1_P1P2_A,R2,(BC)GTTTCAGAGCTAAGCACAAG,GGAACTCGCCACGACCCTCA,CRISPR Guide Capture,Non-Targeting,Non-Targeting
ANTXR1_P1P2_B,ANTXR1_P1P2_B,R2,(BC)GTTTAAGAGCTAAGCTGGAA,GGAGGAGCGCGCCCCAACAA,CRISPR Guide Capture,Non-Targeting,Non-Targeting
ANXA6_P1P2_A,ANXA6_P1P2_A,R2,(BC)GTTTCAGAGCTAAGCACAAG,GGGGTCGCAGACGGACGCAC,CRISPR Guide Capture,Non-Targeting,Non-Targeting
ANXA6_P1P2_B,ANXA6_P1P2_B,R2,(BC)GTTTAAGAGCTAAGCTGGAA,GCGGTTGCTGCTGGGCTAAC,CRISPR Guide Capture,Non-Targeting,Non-Targeting
APOE_P1P2_A,APOE_P1P2_A,R2,(BC)GTTTCAGAGCTAAGCACAAG,GCGGTGAGAAGCGCAGTCGG,CRISPR Guide Capture,Non-Targeting,Non-Targeting
APOE_P1P2_B,APOE_P1P2_B,R2,(BC)GTTTAAGAGCTAAGCTGGAA,GGGCACGGGGATGAGCTCAG,CRISPR Guide Capture,Non-Targeting,Non-Targeting
ARID1A_P1P2_A,ARID1A_P1P2_A,R2,(BC)GTTTCAGAGCTAAGCACAAG,GAGCGAGCGCAGCGCAGCAG,CRISPR Guide Capture,Non-Targeting,Non-Targeting
ARID1A_P1P2_B,ARID1A_P1P2_B,R2,(BC)GTTTAAGAGCTAAGCTGGAA,GAAAGCGGAGAGTCACAGCG,CRISPR Guide Capture,Non-Targeting,Non-Targeting
ARID3A_P1P2_A,ARID3A_P1P2_A,R2,(BC)GTTTCAGAGCTAAGCACAAG,GGCTCCCGGCCCCCGACCCA,CRISPR Guide Capture,Non-Targeting,Non-Targeting
ARID3A_P1P2_B,ARID3A_P1P2_B,R2,(BC)GTTTAAGAGCTAAGCTGGAA,GGCGCCTCTTACCAATCGGG,CRISPR Guide Capture,Non-Targeting,Non-Targeting
ARPC2_P2_A,ARPC2_P2_A,R2,(BC)GTTTCAGAGCTAAGCACAAG,GTGGTGTAGCAGCCATATCC,CRISPR Guide Capture,Non-Targeting,Non-Targeting
ARPC2_P2_B,ARPC2_P2_B,R2,(BC)GTTTAAGAGCTAAGCTGGAA,GTGGTCCTGAAGCCTGGATA,CRISPR Guide Capture,Non-Targeting,Non-Targeting
ARPC2_P1_A,ARPC2_P1_A,R2,(BC)GTTTCAGAGCTAAGCACAAG,GACCGGGCTTGTCGGTGAAG,CRISPR Guide Capture,Non-Targeting,Non-Targeting
ARPC2_P1_B,ARPC2_P1_B,R2,(BC)GTTTAAGAGCTAAGCTGGAA,GCTTGTCGGTGAAGCGGCAG,CRISPR Guide Capture,Non-Targeting,Non-Targeting
ASF1A_P1P2_A,ASF1A_P1P2_A,R2,(BC)GTTTCAGAGCTAAGCACAAG,GAGGAGGAGGGTCAGAACTC,CRISPR Guide Capture,Non-Targeting,Non-Targeting
ASF1A_P1P2_B,ASF1A_P1P2_B,R2,(BC)GTTTAAGAGCTAAGCTGGAA,GGTTCAGGTGAACAATGTAG,CRISPR Guide Capture,Non-Targeting,Non-Targeting
ATF4_P1P2_A,ATF4_P1P2_A,R2,(BC)GTTTCAGAGCTAAGCACAAG,GGACGAAGTCTATAAAGGGC,CRISPR Guide Capture,Non-Targeting,Non-Targeting
ATF4_P1P2_B,ATF4_P1P2_B,R2,(BC)GTTTAAGAGCTAAGCTGGAA,GGCTGTTGCCCCACGAAACG,CRISPR Guide Capture,Non-Targeting,Non-Targeting
ATM_P1P2_A,ATM_P1P2_A,R2,(BC)GTTTCAGAGCTAAGCACAAG,GTAACGGAGAAAAGAAGCCG,CRISPR Guide Capture,Non-Targeting,Non-Targeting
ATM_P1P2_B,ATM_P1P2_B,R2,(BC)GTTTAAGAGCTAAGCTGGAA,GTAGGTAGCTGCGTGGCTAA,CRISPR Guide Capture,Non-Targeting,Non-Targeting
ATP1B1_P1P2_A,ATP1B1_P1P2_A,R2,(BC)GTTTCAGAGCTAAGCACAAG,GCGCACTCCGAGAGCCGCAG,CRISPR Guide Capture,Non-Targeting,Non-Targeting
ATP1B1_P1P2_B,ATP1B1_P1P2_B,R2,(BC)GTTTAAGAGCTAAGCTGGAA,GCCAGGCCGGAGAAGCCGAG,CRISPR Guide Capture,Non-Targeting,Non-Targeting
ATP6V0B_P1P2_A,ATP6V0B_P1P2_A,R2,(BC)GTTTCAGAGCTAAGCACAAG,GAGCAGTGCTAGCCCCGTCA,CRISPR Guide Capture,Non-Targeting,Non-Targeting
ATP6V0B_P1P2_B,ATP6V0B_P1P2_B,R2,(BC)GTTTAAGAGCTAAGCTGGAA,GGGGCGGGCGGACAGACTGC,CRISPR Guide Capture,Non-Targeting,Non-Targeting
ATP6V0C_P1P2_A,ATP6V0C_P1P2_A,R2,(BC)GTTTCAGAGCTAAGCACAAG,GCGCTCACCGCTGAAGACCA,CRISPR Guide Capture,Non-Targeting,Non-Targeting
ATP6V0C_P1P2_B,ATP6V0C_P1P2_B,R2,(BC)GTTTAAGAGCTAAGCTGGAA,GAGCGCAGCGGCTGACGGGC,CRISPR Guide Capture,Non-Targeting,Non-Targeting
BECN1_P1P2_A,BECN1_P1P2_A,R2,(BC)GTTTCAGAGCTAAGCACAAG,GGTCGCTGAAGACAGAGCGA,CRISPR Guide Capture,Non-Targeting,Non-Targeting
BECN1_P1P2_B,BECN1_P1P2_B,R2,(BC)GTTTAAGAGCTAAGCTGGAA,GGACAGAGCGATGGTAGTTC,CRISPR Guide Capture,Non-Targeting,Non-Targeting
BIRC2_P1P2_A,BIRC2_P1P2_A,R2,(BC)GTTTCAGAGCTAAGCACAAG,GGTCAGAGTGAGCCCGGATG,CRISPR Guide Capture,Non-Targeting,Non-Targeting
BIRC2_P1P2_B,BIRC2_P1P2_B,R2,(BC)GTTTAAGAGCTAAGCTGGAA,GCCGCAGAGCCGGGAATCAG,CRISPR Guide Capture,Non-Targeting,Non-Targeting
BRD9_P1P2_A,BRD9_P1P2_A,R2,(BC)GTTTCAGAGCTAAGCACAAG,GCCAGCGAGCTCGGCAACCT,CRISPR Guide Capture,Non-Targeting,Non-Targeting
BRD9_P1P2_B,BRD9_P1P2_B,R2,(BC)GTTTAAGAGCTAAGCTGGAA,GCTCCCCACGGGCTCCTCGT,CRISPR Guide Capture,Non-Targeting,Non-Targeting
BRPF1_P1P2_A,BRPF1_P1P2_A,R2,(BC)GTTTCAGAGCTAAGCACAAG,GCGTGGCCCGGGAACCTCTC,CRISPR Guide Capture,Non-Targeting,Non-Targeting
BRPF1_P1P2_B,BRPF1_P1P2_B,R2,(BC)GTTTAAGAGCTAAGCTGGAA,GGGCAGCGCGAGGACAGCGG,CRISPR Guide Capture,Non-Targeting,Non-Targeting
C1QBP_P1P2_A,C1QBP_P1P2_A,R2,(BC)GTTTCAGAGCTAAGCACAAG,GGACGGAGGAGCCCAGCACA,CRISPR Guide Capture,Non-Targeting,Non-Targeting
C1QBP_P1P2_B,C1QBP_P1P2_B,R2,(BC)GTTTAAGAGCTAAGCTGGAA,GCGGTTGCAGGCCCTATTCC,CRISPR Guide Capture,Non-Targeting,Non-Targeting
CALM3_ENST00000291295.9_A,CALM3_ENST00000291295.9_A,R2,(BC)GTTTCAGAGCTAAGCACAAG,GGGCCGTTGAGGGACCGTTG,CRISPR Guide Capture,Non-Targeting,Non-Targeting
CALM3_ENST00000291295.9_B,CALM3_ENST00000291295.9_B,R2,(BC)GTTTAAGAGCTAAGCTGGAA,GCGCCCCAACGGTCCCTCAA,CRISPR Guide Capture,Non-Targeting,Non-Targeting
CAMSAP2_P1P2_A,CAMSAP2_P1P2_A,R2,(BC)GTTTCAGAGCTAAGCACAAG,GCCCGGGCATAGGAATGTGG,CRISPR Guide Capture,Non-Targeting,Non-Targeting
CAMSAP2_P1P2_B,CAMSAP2_P1P2_B,R2,(BC)GTTTAAGAGCTAAGCTGGAA,GGCGGACGGACGGACGGAGA,CRISPR Guide Capture,Non-Targeting,Non-Targeting
CASP2_P1P2_A,CASP2_P1P2_A,R2,(BC)GTTTCAGAGCTAAGCACAAG,GCACAGCCCAAACAAACCGG,CRISPR Guide Capture,Non-Targeting,Non-Targeting
CASP2_P1P2_B,CASP2_P1P2_B,R2,(BC)GTTTAAGAGCTAAGCTGGAA,GGGCTGTGGGCGGTGCGCAG,CRISPR Guide Capture,Non-Targeting,Non-Targeting
CASP3_P1P2_A,CASP3_P1P2_A,R2,(BC)GTTTCAGAGCTAAGCACAAG,GGGAGCACATCTCCCGGCGG,CRISPR Guide Capture,Non-Targeting,Non-Targeting
CASP3_P1P2_B,CASP3_P1P2_B,R2,(BC)GTTTAAGAGCTAAGCTGGAA,GGATGGGTGCTATTGTGAGG,CRISPR Guide Capture,Non-Targeting,Non-Targeting
CAST_P2_A,CAST_P2_A,R2,(BC)GTTTCAGAGCTAAGCACAAG,GATCGGGGCTAGGGGAACCC,CRISPR Guide Capture,Non-Targeting,Non-Targeting
CAST_P2_B,CAST_P2_B,R2,(BC)GTTTAAGAGCTAAGCTGGAA,GTGGCGTTGGCCGGGTAGAG,CRISPR Guide Capture,Non-Targeting,Non-Targeting
CAST_P1_A,CAST_P1_A,R2,(BC)GTTTCAGAGCTAAGCACAAG,GAGCTCCAAGCGGAAACCGC,CRISPR Guide Capture,Non-Targeting,Non-Targeting
CAST_P1_B,CAST_P1_B,R2,(BC)GTTTAAGAGCTAAGCTGGAA,GCCGTCGCACTCAGAGAGCT,CRISPR Guide Capture,Non-Targeting,Non-Targeting
CD276_P1P2_A,CD276_P1P2_A,R2,(BC)GTTTCAGAGCTAAGCACAAG,GGCGCCGACTCTGGGACTCA,CRISPR Guide Capture,Non-Targeting,Non-Targeting
CD276_P1P2_B,CD276_P1P2_B,R2,(BC)GTTTAAGAGCTAAGCTGGAA,GCGTCCCTGAGTCCCAGAGT,CRISPR Guide Capture,Non-Targeting,Non-Targeting
CDC25B_P1P2_A,CDC25B_P1P2_A,R2,(BC)GTTTCAGAGCTAAGCACAAG,GCCAGGCGCGAGGGAGGAGA,CRISPR Guide Capture,Non-Targeting,Non-Targeting
CDC25B_P1P2_B,CDC25B_P1P2_B,R2,(BC)GTTTAAGAGCTAAGCTGGAA,GAAGTGGCAGCTGCAACTAG,CRISPR Guide Capture,Non-Targeting,Non-Targeting
CDCA2_P1P2_A,CDCA2_P1P2_A,R2,(BC)GTTTCAGAGCTAAGCACAAG,GGGTCAGCCGTCGGGACCTC,CRISPR Guide Capture,Non-Targeting,Non-Targeting
CDCA2_P1P2_B,CDCA2_P1P2_B,R2,(BC)GTTTAAGAGCTAAGCTGGAA,GCGCAGGCCAGGATCAGCGC,CRISPR Guide Capture,Non-Targeting,Non-Targeting
CENPB_P1P2_A,CENPB_P1P2_A,R2,(BC)GTTTCAGAGCTAAGCACAAG,GCGGAAGGCAGGAAGTGCCG,CRISPR Guide Capture,Non-Targeting,Non-Targeting
CENPB_P1P2_B,CENPB_P1P2_B,R2,(BC)GTTTAAGAGCTAAGCTGGAA,GAGAATCCGGACCTGCGCAA,CRISPR Guide Capture,Non-Targeting,Non-Targeting
CENPO_P1P2_A,CENPO_P1P2_A,R2,(BC)GTTTCAGAGCTAAGCACAAG,GTGGCCTGGGTGAGCTAGAA,CRISPR Guide Capture,Non-Targeting,Non-Targeting
CENPO_P1P2_B,CENPO_P1P2_B,R2,(BC)GTTTAAGAGCTAAGCTGGAA,GAAAGCACGCCGGGACCGGT,CRISPR Guide Capture,Non-Targeting,Non-Targeting
CHMP3_P1P2_A,CHMP3_P1P2_A,R2,(BC)GTTTCAGAGCTAAGCACAAG,GCTTTCAGTTCCCCGCGCCC,CRISPR Guide Capture,Non-Targeting,Non-Targeting
CHMP3_P1P2_B,CHMP3_P1P2_B,R2,(BC)GTTTAAGAGCTAAGCTGGAA,GTCTTTGGGCGGCTTCTCCT,CRISPR Guide Capture,Non-Targeting,Non-Targeting
CLDN6_P1P2_A,CLDN6_P1P2_A,R2,(BC)GTTTCAGAGCTAAGCACAAG,GTCCTTCGCAGGTGAGTCCG,CRISPR Guide Capture,Non-Targeting,Non-Targeting
CLDN6_P1P2_B,CLDN6_P1P2_B,R2,(BC)GTTTAAGAGCTAAGCTGGAA,GTCACCTGCGAAGGAGATAA,CRISPR Guide Capture,Non-Targeting,Non-Targeting
CLDN7_P1P2_A,CLDN7_P1P2_A,R2,(BC)GTTTCAGAGCTAAGCACAAG,GCGCAGCAGAGGTGGCTCGG,CRISPR Guide Capture,Non-Targeting,Non-Targeting
CLDN7_P1P2_B,CLDN7_P1P2_B,R2,(BC)GTTTAAGAGCTAAGCTGGAA,GGCAAGTCCCAAAGTATCCT,CRISPR Guide Capture,Non-Targeting,Non-Targeting
CNN3_P1P2_A,CNN3_P1P2_A,R2,(BC)GTTTCAGAGCTAAGCACAAG,GGCAGCCGGGTGCTTCGCAG,CRISPR Guide Capture,Non-Targeting,Non-Targeting
CNN3_P1P2_B,CNN3_P1P2_B,R2,(BC)GTTTAAGAGCTAAGCTGGAA,GTGGGCGACTGGGTCCAACT,CRISPR Guide Capture,Non-Targeting,Non-Targeting
COASY_P1P2_A,COASY_P1P2_A,R2,(BC)GTTTCAGAGCTAAGCACAAG,GGCAGCCAGGGAAGCCTCCG,CRISPR Guide Capture,Non-Targeting,Non-Targeting
COASY_P1P2_B,COASY_P1P2_B,R2,(BC)GTTTAAGAGCTAAGCTGGAA,GTCCACTTGCACCACCGCGG,CRISPR Guide Capture,Non-Targeting,Non-Targeting
COL6A1_P1P2_A,COL6A1_P1P2_A,R2,(BC)GTTTCAGAGCTAAGCACAAG,GTCACCACACAGCGCGGCCA,CRISPR Guide Capture,Non-Targeting,Non-Targeting
COL6A1_P1P2_B,COL6A1_P1P2_B,R2,(BC)GTTTAAGAGCTAAGCTGGAA,GCAGCCAGAGTGAGAGCGGA,CRISPR Guide Capture,Non-Targeting,Non-Targeting
COX4I1_P1P2_A,COX4I1_P1P2_A,R2,(BC)GTTTCAGAGCTAAGCACAAG,GGGACACCGGGTGTAGAGGG,CRISPR Guide Capture,Non-Targeting,Non-Targeting
COX4I1_P1P2_B,COX4I1_P1P2_B,R2,(BC)GTTTAAGAGCTAAGCTGGAA,GGCGGGACACCGGGTGTAGA,CRISPR Guide Capture,Non-Targeting,Non-Targeting
COX6C_P1P2_A,COX6C_P1P2_A,R2,(BC)GTTTCAGAGCTAAGCACAAG,GCAACCCGCAGTGTCGGGGT,CRISPR Guide Capture,Non-Targeting,Non-Targeting
COX6C_P1P2_B,COX6C_P1P2_B,R2,(BC)GTTTAAGAGCTAAGCTGGAA,GTCTCACGGGAGAAACACCG,CRISPR Guide Capture,Non-Targeting,Non-Targeting
CREG1_P1P2_A,CREG1_P1P2_A,R2,(BC)GTTTCAGAGCTAAGCACAAG,GAGCGTCGACGCCAGCAGGG,CRISPR Guide Capture,Non-Targeting,Non-Targeting
CREG1_P1P2_B,CREG1_P1P2_B,R2,(BC)GTTTAAGAGCTAAGCTGGAA,GCTTCCTGGAGACACCGCCA,CRISPR Guide Capture,Non-Targeting,Non-Targeting
CREM_ENST00000395895.2_A,CREM_ENST00000395895.2_A,R2,(BC)GTTTCAGAGCTAAGCACAAG,GCCGGGGCCGGGCCAAGGAC,CRISPR Guide Capture,Non-Targeting,Non-Targeting
CREM_ENST00000395895.2_B,CREM_ENST00000395895.2_B,R2,(BC)GTTTAAGAGCTAAGCTGGAA,GGCCGCGTCAGGTGAACTCG,CRISPR Guide Capture,Non-Targeting,Non-Targeting
CSK_P1P2_A,CSK_P1P2_A,R2,(BC)GTTTCAGAGCTAAGCACAAG,GGCTCGCCCAGGGCTCCGCT,CRISPR Guide Capture,Non-Targeting,Non-Targeting
CSK_P1P2_B,CSK_P1P2_B,R2,(BC)GTTTAAGAGCTAAGCTGGAA,GCGGGTCGCGGAGGGAAGAA,CRISPR Guide Capture,Non-Targeting,Non-Targeting
CSNK1E_P1P2_A,CSNK1E_P1P2_A,R2,(BC)GTTTCAGAGCTAAGCACAAG,GGGCGGCTCCGCGAATCCTC,CRISPR Guide Capture,Non-Targeting,Non-Targeting
CSNK1E_P1P2_B,CSNK1E_P1P2_B,R2,(BC)GTTTAAGAGCTAAGCTGGAA,GCCTCGGAGGGCCCAGCGGG,CRISPR Guide Capture,Non-Targeting,Non-Targeting
CTBP2_P1P2_A,CTBP2_P1P2_A,R2,(BC)GTTTCAGAGCTAAGCACAAG,GTAGGCGGGAGGCGAGGTGA,CRISPR Guide Capture,Non-Targeting,Non-Targeting
CTBP2_P1P2_B,CTBP2_P1P2_B,R2,(BC)GTTTAAGAGCTAAGCTGGAA,GCAGCGGGTACCGGGAGCTG,CRISPR Guide Capture,Non-Targeting,Non-Targeting
CTNNB1_P1P2_A,CTNNB1_P1P2_A,R2,(BC)GTTTCAGAGCTAAGCACAAG,GGTTGGCCCGGCCCCGGGAG,CRISPR Guide Capture,Non-Targeting,Non-Targeting
CTNNB1_P1P2_B,CTNNB1_P1P2_B,R2,(BC)GTTTAAGAGCTAAGCTGGAA,GCCCCGGGAGCGGAGAGCGA,CRISPR Guide Capture,Non-Targeting,Non-Targeting
CTSV_P1P2_A,CTSV_P1P2_A,R2,(BC)GTTTCAGAGCTAAGCACAAG,GGCGAACCTGCACCAGACCG,CRISPR Guide Capture,Non-Targeting,Non-Targeting
CTSV_P1P2_B,CTSV_P1P2_B,R2,(BC)GTTTAAGAGCTAAGCTGGAA,GGCCTCGAGGTGGGGAACGG,CRISPR Guide Capture,Non-Targeting,Non-Targeting
CXCL12_P1P2_A,CXCL12_P1P2_A,R2,(BC)GTTTCAGAGCTAAGCACAAG,GGGACGCCGAGCGGGCAATG,CRISPR Guide Capture,Non-Targeting,Non-Targeting
CXCL12_P1P2_B,CXCL12_P1P2_B,R2,(BC)GTTTAAGAGCTAAGCTGGAA,GGAGCGGGCAATGCGGCTGA,CRISPR Guide Capture,Non-Targeting,Non-Targeting
CYCS_P1P2_A,CYCS_P1P2_A,R2,(BC)GTTTCAGAGCTAAGCACAAG,GGTCCTTGGACTTAGAGAGT,CRISPR Guide Capture,Non-Targeting,Non-Targeting
CYCS_P1P2_B,CYCS_P1P2_B,R2,(BC)GTTTAAGAGCTAAGCTGGAA,GGGGCGGGGAGTGAAGACCC,CRISPR Guide Capture,Non-Targeting,Non-Targeting
CYFIP1_P1P2_A,CYFIP1_P1P2_A,R2,(BC)GTTTCAGAGCTAAGCACAAG,GCGCGGAATCCGGGATCCGG,CRISPR Guide Capture,Non-Targeting,Non-Targeting
CYFIP1_P1P2_B,CYFIP1_P1P2_B,R2,(BC)GTTTAAGAGCTAAGCTGGAA,GTTGGCCGAGTGAGTCACTC,CRISPR Guide Capture,Non-Targeting,Non-Targeting
DAXX_P1_A,DAXX_P1_A,R2,(BC)GTTTCAGAGCTAAGCACAAG,GCGGACGGTGCGGGGATCAG,CRISPR Guide Capture,Non-Targeting,Non-Targeting
DAXX_P1_B,DAXX_P1_B,R2,(BC)GTTTAAGAGCTAAGCTGGAA,GAGGCGGAGGGAACCATGCG,CRISPR Guide Capture,Non-Targeting,Non-Targeting
DAXX_P2_A,DAXX_P2_A,R2,(BC)GTTTCAGAGCTAAGCACAAG,GGAATCCAAGGAGGCTTCGG,CRISPR Guide Capture,Non-Targeting,Non-Targeting
DAXX_P2_B,DAXX_P2_B,R2,(BC)GTTTAAGAGCTAAGCTGGAA,GTTCGGGGGTGTCTGCAGAG,CRISPR Guide Capture,Non-Targeting,Non-Targeting
DCK_P1P2_A,DCK_P1P2_A,R2,(BC)GTTTCAGAGCTAAGCACAAG,GAAGAGGTTCCGGAGTCGGG,CRISPR Guide Capture,Non-Targeting,Non-Targeting
DCK_P1P2_B,DCK_P1P2_B,R2,(BC)GTTTAAGAGCTAAGCTGGAA,GTCACGTGAAGGCCGGGGCG,CRISPR Guide Capture,Non-Targeting,Non-Targeting
DHCR24_P1P2_A,DHCR24_P1P2_A,R2,(BC)GTTTCAGAGCTAAGCACAAG,GTCCCCGGGCTGTGGGCTAC,CRISPR Guide Capture,Non-Targeting,Non-Targeting
DHCR24_P1P2_B,DHCR24_P1P2_B,R2,(BC)GTTTAAGAGCTAAGCTGGAA,GTGGGCTACAGGCGCAGAGC,CRISPR Guide Capture,Non-Targeting,Non-Targeting
DHX36_P1P2_A,DHX36_P1P2_A,R2,(BC)GTTTCAGAGCTAAGCACAAG,GAGCGGTTGCTGGTTCTGAC,CRISPR Guide Capture,Non-Targeting,Non-Targeting
DHX36_P1P2_B,DHX36_P1P2_B,R2,(BC)GTTTAAGAGCTAAGCTGGAA,GGCCCGGACGCCATTTCCAG,CRISPR Guide Capture,Non-Targeting,Non-Targeting
DHX9_P1P2_A,DHX9_P1P2_A,R2,(BC)GTTTCAGAGCTAAGCACAAG,GAAACGCACAGCAACTCGCA,CRISPR Guide Capture,Non-Targeting,Non-Targeting
DHX9_P1P2_B,DHX9_P1P2_B,R2,(BC)GTTTAAGAGCTAAGCTGGAA,GCATGGAGGAATCGGCGAAA,CRISPR Guide Capture,Non-Targeting,Non-Targeting
DLG5_P1P2_A,DLG5_P1P2_A,R2,(BC)GTTTCAGAGCTAAGCACAAG,GCGGCGCTGGGGCTCCATGG,CRISPR Guide Capture,Non-Targeting,Non-Targeting
DLG5_P1P2_B,DLG5_P1P2_B,R2,(BC)GTTTAAGAGCTAAGCTGGAA,GTCAGCAGCGGCCGCCTCCC,CRISPR Guide Capture,Non-Targeting,Non-Targeting
DNAJA3_P1P2_A,DNAJA3_P1P2_A,R2,(BC)GTTTCAGAGCTAAGCACAAG,GACCACCAGCAACCAGCGTG,CRISPR Guide Capture,Non-Targeting,Non-Targeting
DNAJA3_P1P2_B,DNAJA3_P1P2_B,R2,(BC)GTTTAAGAGCTAAGCTGGAA,GAGGCCCACCTAGAGCCGGG,CRISPR Guide Capture,Non-Targeting,Non-Targeting
DNMT1_P1P2_A,DNMT1_P1P2_A,R2,(BC)GTTTCAGAGCTAAGCACAAG,GGTACGCGCCGGCATCTCGG,CRISPR Guide Capture,Non-Targeting,Non-Targeting
DNMT1_P1P2_B,DNMT1_P1P2_B,R2,(BC)GTTTAAGAGCTAAGCTGGAA,GGAGGCTTCAGCAGACGCGG,CRISPR Guide Capture,Non-Targeting,Non-Targeting
DOT1L_P1P2_A,DOT1L_P1P2_A,R2,(BC)GTTTCAGAGCTAAGCACAAG,GTCACGCCGGCCCAAGATGG,CRISPR Guide Capture,Non-Targeting,Non-Targeting
DOT1L_P1P2_B,DOT1L_P1P2_B,R2,(BC)GTTTAAGAGCTAAGCTGGAA,GTTTGGGGTGTCCCCAGGGG,CRISPR Guide Capture,Non-Targeting,Non-Targeting
DPF2_P2_A,DPF2_P2_A,R2,(BC)GTTTCAGAGCTAAGCACAAG,GGTGGCCCCCAGTGAAGAGG,CRISPR Guide Capture,Non-Targeting,Non-Targeting
DPF2_P2_B,DPF2_P2_B,R2,(BC)GTTTAAGAGCTAAGCTGGAA,GCAGGATGGCAGTAGTTTAG,CRISPR Guide Capture,Non-Targeting,Non-Targeting
DPF2_P1_A,DPF2_P1_A,R2,(BC)GTTTCAGAGCTAAGCACAAG,GGCTTCTCGGCCCGAGGCAG,CRISPR Guide Capture,Non-Targeting,Non-Targeting
DPF2_P1_B,DPF2_P1_B,R2,(BC)GTTTAAGAGCTAAGCTGGAA,GTCTCGGGAGAGGACCGGGA,CRISPR Guide Capture,Non-Targeting,Non-Targeting
DPH2_P1P2_A,DPH2_P1P2_A,R2,(BC)GTTTCAGAGCTAAGCACAAG,GGGCTGAAGGGGATACTCAC,CRISPR Guide Capture,Non-Targeting,Non-Targeting
DPH2_P1P2_B,DPH2_P1P2_B,R2,(BC)GTTTAAGAGCTAAGCTGGAA,GGCGCTGCAGCGAGAGACCG,CRISPR Guide Capture,Non-Targeting,Non-Targeting
DZIP3_P1P2_A,DZIP3_P1P2_A,R2,(BC)GTTTCAGAGCTAAGCACAAG,GAACTGGCCATCCAACATGA,CRISPR Guide Capture,Non-Targeting,Non-Targeting
DZIP3_P1P2_B,DZIP3_P1P2_B,R2,(BC)GTTTAAGAGCTAAGCTGGAA,GGAAGTCCCTAGGCACCCTA,CRISPR Guide Capture,Non-Targeting,Non-Targeting
EHMT1_P1P2_A,EHMT1_P1P2_A,R2,(BC)GTTTCAGAGCTAAGCACAAG,GCTGCTCACCTCGGCATCGG,CRISPR Guide Capture,Non-Targeting,Non-Targeting
EHMT1_P1P2_B,EHMT1_P1P2_B,R2,(BC)GTTTAAGAGCTAAGCTGGAA,GCTCACCTCGGCATCGGCGG,CRISPR Guide Capture,Non-Targeting,Non-Targeting
EHMT2_P1P2_A,EHMT2_P1P2_A,R2,(BC)GTTTCAGAGCTAAGCACAAG,GCCAGCGCAAGCGGCGATGG,CRISPR Guide Capture,Non-Targeting,Non-Targeting
EHMT2_P1P2_B,EHMT2_P1P2_B,R2,(BC)GTTTAAGAGCTAAGCTGGAA,GCGGCCGCCGAGGTGCGGAA,CRISPR Guide Capture,Non-Targeting,Non-Targeting
EID2_P1P2_A,EID2_P1P2_A,R2,(BC)GTTTCAGAGCTAAGCACAAG,GTCAGACCGTGGGGTCAACT,CRISPR Guide Capture,Non-Targeting,Non-Targeting
EID2_P1P2_B,EID2_P1P2_B,R2,(BC)GTTTAAGAGCTAAGCTGGAA,GTGGACAGAGCGATGCCCGG,CRISPR Guide Capture,Non-Targeting,Non-Targeting
EIF3H_P1P2_A,EIF3H_P1P2_A,R2,(BC)GTTTCAGAGCTAAGCACAAG,GCGTCCCGCAAGGAAGGTAC,CRISPR Guide Capture,Non-Targeting,Non-Targeting
EIF3H_P1P2_B,EIF3H_P1P2_B,R2,(BC)GTTTAAGAGCTAAGCTGGAA,GAGCCACACCAAGCCCAAGG,CRISPR Guide Capture,Non-Targeting,Non-Targeting
EIF4B_P1P2_A,EIF4B_P1P2_A,R2,(BC)GTTTCAGAGCTAAGCACAAG,GATAGCGGGCGCGTCGAGCT,CRISPR Guide Capture,Non-Targeting,Non-Targeting
EIF4B_P1P2_B,EIF4B_P1P2_B,R2,(BC)GTTTAAGAGCTAAGCTGGAA,GCCGAGCGCGGCCAAGGACT,CRISPR Guide Capture,Non-Targeting,Non-Targeting
ELAC2_P1P2_A,ELAC2_P1P2_A,R2,(BC)GTTTCAGAGCTAAGCACAAG,GAAACGCGGGCGTAGGTGAC,CRISPR Guide Capture,Non-Targeting,Non-Targeting
ELAC2_P1P2_B,ELAC2_P1P2_B,R2,(BC)GTTTAAGAGCTAAGCTGGAA,GGAGCGGCTAGGTGGTGCAC,CRISPR Guide Capture,Non-Targeting,Non-Targeting
EP300_P1P2_A,EP300_P1P2_A,R2,(BC)GTTTCAGAGCTAAGCACAAG,GGCTCCGACGGCACCCGAGG,CRISPR Guide Capture,Non-Targeting,Non-Targeting
EP300_P1P2_B,EP300_P1P2_B,R2,(BC)GTTTAAGAGCTAAGCTGGAA,GCTACCGCTAGCCTGTAAGG,CRISPR Guide Capture,Non-Targeting,Non-Targeting
EPB41L2_P1P2_A,EPB41L2_P1P2_A,R2,(BC)GTTTCAGAGCTAAGCACAAG,GGAAACCTAGCGGAGGGAGG,CRISPR Guide Capture,Non-Targeting,Non-Targeting
EPB41L2_P1P2_B,EPB41L2_P1P2_B,R2,(BC)GTTTAAGAGCTAAGCTGGAA,GCCTCTGACGGCCCCAGTCA,CRISPR Guide Capture,Non-Targeting,Non-Targeting
EPHB4_P1P2_A,EPHB4_P1P2_A,R2,(BC)GTTTCAGAGCTAAGCACAAG,GAGGGAGAGTCAGACCTGGG,CRISPR Guide Capture,Non-Targeting,Non-Targeting
EPHB4_P1P2_B,EPHB4_P1P2_B,R2,(BC)GTTTAAGAGCTAAGCTGGAA,GGAGCGGGGACGGAGCGGGA,CRISPR Guide Capture,Non-Targeting,Non-Targeting
EPHX1_P1P2_A,EPHX1_P1P2_A,R2,(BC)GTTTCAGAGCTAAGCACAAG,GAACTAGCCGAGGAGAGCCA,CRISPR Guide Capture,Non-Targeting,Non-Targeting
EPHX1_P1P2_B,EPHX1_P1P2_B,R2,(BC)GTTTAAGAGCTAAGCTGGAA,GGGCAGGCGCGCGATCTCTC,CRISPR Guide Capture,Non-Targeting,Non-Targeting
ETV4_P1P2_A,ETV4_P1P2_A,R2,(BC)GTTTCAGAGCTAAGCACAAG,GCCTCAGGTGAGGCTGCGGG,CRISPR Guide Capture,Non-Targeting,Non-Targeting
ETV4_P1P2_B,ETV4_P1P2_B,R2,(BC)GTTTAAGAGCTAAGCTGGAA,GTCCCGCCAAAGGCCAAAGG,CRISPR Guide Capture,Non-Targeting,Non-Targeting
EWSR1_P1P2_A,EWSR1_P1P2_A,R2,(BC)GTTTCAGAGCTAAGCACAAG,GGTTCCACCATACTCACCCG,CRISPR Guide Capture,Non-Targeting,Non-Targeting
EWSR1_P1P2_B,EWSR1_P1P2_B,R2,(BC)GTTTAAGAGCTAAGCTGGAA,GCGTCCACGGGTGAGTATGG,CRISPR Guide Capture,Non-Targeting,Non-Targeting
FDPS_P1P2_A,FDPS_P1P2_A,R2,(BC)GTTTCAGAGCTAAGCACAAG,GGCTCCGCGATCGGCTCTGT,CRISPR Guide Capture,Non-Targeting,Non-Targeting
FDPS_P1P2_B,FDPS_P1P2_B,R2,(BC)GTTTAAGAGCTAAGCTGGAA,GCGACCCACAGAGCCGATCG,CRISPR Guide Capture,Non-Targeting,Non-Targeting
FGFR1_P1P2_A,FGFR1_P1P2_A,R2,(BC)GTTTCAGAGCTAAGCACAAG,GCCAGCCCGGGCGGGAACAA,CRISPR Guide Capture,Non-Targeting,Non-Targeting
FGFR1_P1P2_B,FGFR1_P1P2_B,R2,(BC)GTTTAAGAGCTAAGCTGGAA,GTGCGGCTGCACCGGCGTCC,CRISPR Guide Capture,Non-Targeting,Non-Targeting
FIBP_P1P2_A,FIBP_P1P2_A,R2,(BC)GTTTCAGAGCTAAGCACAAG,GCTGGTCATGGCGACGCCCG,CRISPR Guide Capture,Non-Targeting,Non-Targeting
FIBP_P1P2_B,FIBP_P1P2_B,R2,(BC)GTTTAAGAGCTAAGCTGGAA,GGGACACAGCCAGTCGGGGA,CRISPR Guide Capture,Non-Targeting,Non-Targeting
FOXH1_P1P2_A,FOXH1_P1P2_A,R2,(BC)GTTTCAGAGCTAAGCACAAG,GGCGGGACGGTAGACAGCGT,CRISPR Guide Capture,Non-Targeting,Non-Targeting
FOXH1_P1P2_B,FOXH1_P1P2_B,R2,(BC)GTTTAAGAGCTAAGCTGGAA,GGGCGGTGGGGCAGTGTAGA,CRISPR Guide Capture,Non-Targeting,Non-Targeting
FUBP1_P1P2_A,FUBP1_P1P2_A,R2,(BC)GTTTCAGAGCTAAGCACAAG,GTGAGAGGAAGTCTCTGAAC,CRISPR Guide Capture,Non-Targeting,Non-Targeting
FUBP1_P1P2_B,FUBP1_P1P2_B,R2,(BC)GTTTAAGAGCTAAGCTGGAA,GGAGGAAGTCTCTGAACAGG,CRISPR Guide Capture,Non-Targeting,Non-Targeting
GNG12_P1P2_A,GNG12_P1P2_A,R2,(BC)GTTTCAGAGCTAAGCACAAG,GCTTAGAGACCGAGTCCCGG,CRISPR Guide Capture,Non-Targeting,Non-Targeting
GNG12_P1P2_B,GNG12_P1P2_B,R2,(BC)GTTTAAGAGCTAAGCTGGAA,GGCCCTTAGAGACCGAGTCC,CRISPR Guide Capture,Non-Targeting,Non-Targeting
GRB10_P2_A,GRB10_P2_A,R2,(BC)GTTTCAGAGCTAAGCACAAG,GGGAGCGCCCAGTCCCTCGG,CRISPR Guide Capture,Non-Targeting,Non-Targeting
GRB10_P2_B,GRB10_P2_B,R2,(BC)GTTTAAGAGCTAAGCTGGAA,GTACTCAGCCTCCGAGGGAC,CRISPR Guide Capture,Non-Targeting,Non-Targeting
GRB10_P1_A,GRB10_P1_A,R2,(BC)GTTTCAGAGCTAAGCACAAG,GGAGCCGCGCGCGGCAGGTA,CRISPR Guide Capture,Non-Targeting,Non-Targeting
GRB10_P1_B,GRB10_P1_B,R2,(BC)GTTTAAGAGCTAAGCTGGAA,GCAGAGAGGGAAGCGAGCTG,CRISPR Guide Capture,Non-Targeting,Non-Targeting
GSK3B_P1P2_A,GSK3B_P1P2_A,R2,(BC)GTTTCAGAGCTAAGCACAAG,GGGCCCGGCGAACTAGAGGG,CRISPR Guide Capture,Non-Targeting,Non-Targeting
GSK3B_P1P2_B,GSK3B_P1P2_B,R2,(BC)GTTTAAGAGCTAAGCTGGAA,GGGAGTCGCGAGTCAGTCAG,CRISPR Guide Capture,Non-Targeting,Non-Targeting
GSTZ1_P1P2_A,GSTZ1_P1P2_A,R2,(BC)GTTTCAGAGCTAAGCACAAG,GTTACCCGGACGAAAGACAC,CRISPR Guide Capture,Non-Targeting,Non-Targeting
GSTZ1_P1P2_B,GSTZ1_P1P2_B,R2,(BC)GTTTAAGAGCTAAGCTGGAA,GTGGGACCTGCCGACGACTA,CRISPR Guide Capture,Non-Targeting,Non-Targeting
GULP1_P1P2_A,GULP1_P1P2_A,R2,(BC)GTTTCAGAGCTAAGCACAAG,GCAGTCGGAGCGAGAACCCA,CRISPR Guide Capture,Non-Targeting,Non-Targeting
GULP1_P1P2_B,GULP1_P1P2_B,R2,(BC)GTTTAAGAGCTAAGCTGGAA,GGTGTGCGGGAGGGAACTCT,CRISPR Guide Capture,Non-Targeting,Non-Targeting
HAT1_P1P2_A,HAT1_P1P2_A,R2,(BC)GTTTCAGAGCTAAGCACAAG,GGCGCGGACCGCCGCCAACA,CRISPR Guide Capture,Non-Targeting,Non-Targeting
HAT1_P1P2_B,HAT1_P1P2_B,R2,(BC)GTTTAAGAGCTAAGCTGGAA,GGCTCAGAAGTTGACTGTAG,CRISPR Guide Capture,Non-Targeting,Non-Targeting
HAX1_P1P2_A,HAX1_P1P2_A,R2,(BC)GTTTCAGAGCTAAGCACAAG,GGTGGTCCATTCGCAGACGG,CRISPR Guide Capture,Non-Targeting,Non-Targeting
HAX1_P1P2_B,HAX1_P1P2_B,R2,(BC)GTTTAAGAGCTAAGCTGGAA,GGACCACTGGAGGGGTTCAA,CRISPR Guide Capture,Non-Targeting,Non-Targeting
HDAC3_P1P2_A,HDAC3_P1P2_A,R2,(BC)GTTTCAGAGCTAAGCACAAG,GAGCACGCACGGCCGGGGAG,CRISPR Guide Capture,Non-Targeting,Non-Targeting
HDAC3_P1P2_B,HDAC3_P1P2_B,R2,(BC)GTTTAAGAGCTAAGCTGGAA,GGTTCGTCAGCTCTCACCCC,CRISPR Guide Capture,Non-Targeting,Non-Targeting
HDAC8_P1P2_A,HDAC8_P1P2_A,R2,(BC)GTTTCAGAGCTAAGCACAAG,GCGATCAGAGGAGCAGGAAC,CRISPR Guide Capture,Non-Targeting,Non-Targeting
HDAC8_P1P2_B,HDAC8_P1P2_B,R2,(BC)GTTTAAGAGCTAAGCTGGAA,GCTGGAAGGTGGCTGCGGAA,CRISPR Guide Capture,Non-Targeting,Non-Targeting
HDGF_P1P2_A,HDGF_P1P2_A,R2,(BC)GTTTCAGAGCTAAGCACAAG,GCCCGCGCGCCGCACGGACG,CRISPR Guide Capture,Non-Targeting,Non-Targeting
HDGF_P1P2_B,HDGF_P1P2_B,R2,(BC)GTTTAAGAGCTAAGCTGGAA,GGCGGATCGGGGCAAGGCTC,CRISPR Guide Capture,Non-Targeting,Non-Targeting
HIRA_P2_A,HIRA_P2_A,R2,(BC)GTTTCAGAGCTAAGCACAAG,GAGGAGCGGCGCAGGGGATG,CRISPR Guide Capture,Non-Targeting,Non-Targeting
HIRA_P2_B,HIRA_P2_B,R2,(BC)GTTTAAGAGCTAAGCTGGAA,GGCCCGGGAGCCGCCTGAGG,CRISPR Guide Capture,Non-Targeting,Non-Targeting
HIRA_P1_A,HIRA_P1_A,R2,(BC)GTTTCAGAGCTAAGCACAAG,GCGCGCCGGTCGCCCAGACA,CRISPR Guide Capture,Non-Targeting,Non-Targeting
HIRA_P1_B,HIRA_P1_B,R2,(BC)GTTTAAGAGCTAAGCTGGAA,GTCCCTCCGGAAGACCCCGG,CRISPR Guide Capture,Non-Targeting,Non-Targeting
HMGB2_P1P2_A,HMGB2_P1P2_A,R2,(BC)GTTTCAGAGCTAAGCACAAG,GTCACGCCGGAGCCCCGTGA,CRISPR Guide Capture,Non-Targeting,Non-Targeting
HMGB2_P1P2_B,HMGB2_P1P2_B,R2,(BC)GTTTAAGAGCTAAGCTGGAA,GCAGAACCGGGCCCGGTCAG,CRISPR Guide Capture,Non-Targeting,Non-Targeting
HMGCR_P1P2_A,HMGCR_P1P2_A,R2,(BC)GTTTCAGAGCTAAGCACAAG,GACTAGAGGCCACCGAACCC,CRISPR Guide Capture,Non-Targeting,Non-Targeting
HMGCR_P1P2_B,HMGCR_P1P2_B,R2,(BC)GTTTAAGAGCTAAGCTGGAA,GCACCTCCAGATCTCACTAG,CRISPR Guide Capture,Non-Targeting,Non-Targeting
HMGCS1_P1P2_A,HMGCS1_P1P2_A,R2,(BC)GTTTCAGAGCTAAGCACAAG,GCTCACCAAGCGTGACCGAG,CRISPR Guide Capture,Non-Targeting,Non-Targeting
HMGCS1_P1P2_B,HMGCS1_P1P2_B,R2,(BC)GTTTAAGAGCTAAGCTGGAA,GGCCACGAAAGGACAGTCCG,CRISPR Guide Capture,Non-Targeting,Non-Targeting
HMGN1_P1P2_A,HMGN1_P1P2_A,R2,(BC)GTTTCAGAGCTAAGCACAAG,GCTGCTGAGACCCACAGCGG,CRISPR Guide Capture,Non-Targeting,Non-Targeting
HMGN1_P1P2_B,HMGN1_P1P2_B,R2,(BC)GTTTAAGAGCTAAGCTGGAA,GCTTCGGCGGAGCTGACCTG,CRISPR Guide Capture,Non-Targeting,Non-Targeting
HMGXB4_P1P2_A,HMGXB4_P1P2_A,R2,(BC)GTTTCAGAGCTAAGCACAAG,GGCGAGCCGAGTGAAGGTAG,CRISPR Guide Capture,Non-Targeting,Non-Targeting
HMGXB4_P1P2_B,HMGXB4_P1P2_B,R2,(BC)GTTTAAGAGCTAAGCTGGAA,GATCCGGGCGAGCCGAGTGA,CRISPR Guide Capture,Non-Targeting,Non-Targeting
HSBP1_P1P2_A,HSBP1_P1P2_A,R2,(BC)GTTTCAGAGCTAAGCACAAG,GTAGGCGGGAGGGACCCGGA,CRISPR Guide Capture,Non-Targeting,Non-Targeting
HSBP1_P1P2_B,HSBP1_P1P2_B,R2,(BC)GTTTAAGAGCTAAGCTGGAA,GTGTGTGAGGAGTTGAAGGG,CRISPR Guide Capture,Non-Targeting,Non-Targeting
HSP90B1_P1P2_A,HSP90B1_P1P2_A,R2,(BC)GTTTCAGAGCTAAGCACAAG,GGGATGGCCGAAGGTTGCGG,CRISPR Guide Capture,Non-Targeting,Non-Targeting
HSP90B1_P1P2_B,HSP90B1_P1P2_B,R2,(BC)GTTTAAGAGCTAAGCTGGAA,GAGGCGGCTCCTGCGATCGA,CRISPR Guide Capture,Non-Targeting,Non-Targeting
HTATSF1_P1P2_A,HTATSF1_P1P2_A,R2,(BC)GTTTCAGAGCTAAGCACAAG,GCGCCACGCGCCGACAATGG,CRISPR Guide Capture,Non-Targeting,Non-Targeting
HTATSF1_P1P2_B,HTATSF1_P1P2_B,R2,(BC)GTTTAAGAGCTAAGCTGGAA,GGGCTGCGTCGGCCTGAGCA,CRISPR Guide Capture,Non-Targeting,Non-Targeting
IDE_P1P2_A,IDE_P1P2_A,R2,(BC)GTTTCAGAGCTAAGCACAAG,GGCGACTGCGCTGGCTAATG,CRISPR Guide Capture,Non-Targeting,Non-Targeting
IDE_P1P2_B,IDE_P1P2_B,R2,(BC)GTTTAAGAGCTAAGCTGGAA,GGCGGGCGCCGAGGACTGAG,CRISPR Guide Capture,Non-Targeting,Non-Targeting
IGF1R_P1_A,IGF1R_P1_A,R2,(BC)GTTTCAGAGCTAAGCACAAG,GCGCGCGAGCCCCCAGTGTG,CRISPR Guide Capture,Non-Targeting,Non-Targeting
IGF1R_P1_B,IGF1R_P1_B,R2,(BC)GTTTAAGAGCTAAGCTGGAA,GCGCCGCTGCCACACACTGG,CRISPR Guide Capture,Non-Targeting,Non-Targeting
IGF1R_P2_A,IGF1R_P2_A,R2,(BC)GTTTCAGAGCTAAGCACAAG,GGGCTTGTTTTTCCTCGCCT,CRISPR Guide Capture,Non-Targeting,Non-Targeting
IGF1R_P2_B,IGF1R_P2_B,R2,(BC)GTTTAAGAGCTAAGCTGGAA,GGAAGTCCGGGTCACAGGCG,CRISPR Guide Capture,Non-Targeting,Non-Targeting
IGF2R_P1P2_A,IGF2R_P1P2_A,R2,(BC)GTTTCAGAGCTAAGCACAAG,GGGTCGCGCCGCCAGGGCAA,CRISPR Guide Capture,Non-Targeting,Non-Targeting
IGF2R_P1P2_B,IGF2R_P1P2_B,R2,(BC)GTTTAAGAGCTAAGCTGGAA,GCGCGCCGCCAGGGCAAAGG,CRISPR Guide Capture,Non-Targeting,Non-Targeting
IKBKG_P1P2_A,IKBKG_P1P2_A,R2,(BC)GTTTCAGAGCTAAGCACAAG,GCCGGAAGCGTGGTAGGGAA,CRISPR Guide Capture,Non-Targeting,Non-Targeting
IKBKG_P1P2_B,IKBKG_P1P2_B,R2,(BC)GTTTAAGAGCTAAGCTGGAA,GGAAGGGCGACCGCGAAACT,CRISPR Guide Capture,Non-Targeting,Non-Targeting
INO80B_P1P2_A,INO80B_P1P2_A,R2,(BC)GTTTCAGAGCTAAGCACAAG,GGAGTAAGCTGTGGCGGCGT,CRISPR Guide Capture,Non-Targeting,Non-Targeting
INO80B_P1P2_B,INO80B_P1P2_B,R2,(BC)GTTTAAGAGCTAAGCTGGAA,GCGGCGTGGGAGCACCTCTG,CRISPR Guide Capture,Non-Targeting,Non-Targeting
INSIG1_P1P2_A,INSIG1_P1P2_A,R2,(BC)GTTTCAGAGCTAAGCACAAG,GAGCAGCCGGTCCTCCCCGG,CRISPR Guide Capture,Non-Targeting,Non-Targeting
INSIG1_P1P2_B,INSIG1_P1P2_B,R2,(BC)GTTTAAGAGCTAAGCTGGAA,GGGCTCTCCGAACGGAGGCG,CRISPR Guide Capture,Non-Targeting,Non-Targeting
IRF3_P1P2_A,IRF3_P1P2_A,R2,(BC)GTTTCAGAGCTAAGCACAAG,GGAAGAGCCCGGGAGAGCGT,CRISPR Guide Capture,Non-Targeting,Non-Targeting
IRF3_P1P2_B,IRF3_P1P2_B,R2,(BC)GTTTAAGAGCTAAGCTGGAA,GGAGGAGCGGGAAAGAGGAT,CRISPR Guide Capture,Non-Targeting,Non-Targeting
ITGAV_P1P2_A,ITGAV_P1P2_A,R2,(BC)GTTTCAGAGCTAAGCACAAG,GCCGCTCCACGCAGCGTCTG,CRISPR Guide Capture,Non-Targeting,Non-Targeting
ITGAV_P1P2_B,ITGAV_P1P2_B,R2,(BC)GTTTAAGAGCTAAGCTGGAA,GAGCGACCGCCAGGGACGAG,CRISPR Guide Capture,Non-Targeting,Non-Targeting
JAZF1_P1P2_A,JAZF1_P1P2_A,R2,(BC)GTTTCAGAGCTAAGCACAAG,GGCGCGTGCGAGCCCCGAGG,CRISPR Guide Capture,Non-Targeting,Non-Targeting
JAZF1_P1P2_B,JAZF1_P1P2_B,R2,(BC)GTTTAAGAGCTAAGCTGGAA,GCGGGCGGGGAGCCCCGGAA,CRISPR Guide Capture,Non-Targeting,Non-Targeting
JMJD1C_P1P2_A,JMJD1C_P1P2_A,R2,(BC)GTTTCAGAGCTAAGCACAAG,GCACGCAGACAGAGTACAGT,CRISPR Guide Capture,Non-Targeting,Non-Targeting
JMJD1C_P1P2_B,JMJD1C_P1P2_B,R2,(BC)GTTTAAGAGCTAAGCTGGAA,GGCTTTCTCCAGCTGATGGA,CRISPR Guide Capture,Non-Targeting,Non-Targeting
JMJD8_P1P2_A,JMJD8_P1P2_A,R2,(BC)GTTTCAGAGCTAAGCACAAG,GAAGGCGTACCTGGAAAGAA,CRISPR Guide Capture,Non-Targeting,Non-Targeting
JMJD8_P1P2_B,JMJD8_P1P2_B,R2,(BC)GTTTAAGAGCTAAGCTGGAA,GGAGGAGGAGCGCTGCACGG,CRISPR Guide Capture,Non-Targeting,Non-Targeting
KAT2A_P1P2_A,KAT2A_P1P2_A,R2,(BC)GTTTCAGAGCTAAGCACAAG,GGCGGCGCCGCTCTCCGCTG,CRISPR Guide Capture,Non-Targeting,Non-Targeting
KAT2A_P1P2_B,KAT2A_P1P2_B,R2,(BC)GTTTAAGAGCTAAGCTGGAA,GCCTCCCCCGCAGCGGAGAG,CRISPR Guide Capture,Non-Targeting,Non-Targeting
KDM1A_P1P2_A,KDM1A_P1P2_A,R2,(BC)GTTTCAGAGCTAAGCACAAG,GGCGCGGGCAGCGTGAAGCG,CRISPR Guide Capture,Non-Targeting,Non-Targeting
KDM1A_P1P2_B,KDM1A_P1P2_B,R2,(BC)GTTTAAGAGCTAAGCTGGAA,GACAGAGCGAGCGGCCCCTA,CRISPR Guide Capture,Non-Targeting,Non-Targeting
KDM2B_ENST00000377069.4_A,KDM2B_ENST00000377069.4_A,R2,(BC)GTTTCAGAGCTAAGCACAAG,GTGGAGGGCCGAGTTGCAGG,CRISPR Guide Capture,Non-Targeting,Non-Targeting
KDM2B_ENST00000377069.4_B,KDM2B_ENST00000377069.4_B,R2,(BC)GTTTAAGAGCTAAGCTGGAA,GAGCTCTGCACACAACTCCC,CRISPR Guide Capture,Non-Targeting,Non-Targeting
KDM2B_ENST00000377071.4_A,KDM2B_ENST00000377071.4_A,R2,(BC)GTTTCAGAGCTAAGCACAAG,GCTCCCGGCACTCAAAGATG,CRISPR Guide Capture,Non-Targeting,Non-Targeting
KDM2B_ENST00000377071.4_B,KDM2B_ENST00000377071.4_B,R2,(BC)GTTTAAGAGCTAAGCTGGAA,GGCAATGAGGGCAGGAACGG,CRISPR Guide Capture,Non-Targeting,Non-Targeting
KDR_P1P2_A,KDR_P1P2_A,R2,(BC)GTTTCAGAGCTAAGCACAAG,GCGGGAGAGCGGTCAATGTG,CRISPR Guide Capture,Non-Targeting,Non-Targeting
KDR_P1P2_B,KDR_P1P2_B,R2,(BC)GTTTAAGAGCTAAGCTGGAA,GTGATGCCCGGCGCAGGCAG,CRISPR Guide Capture,Non-Targeting,Non-Targeting
KIF1B_P1P2_A,KIF1B_P1P2_A,R2,(BC)GTTTCAGAGCTAAGCACAAG,GCTGCAGCGCGGCTGAGGTA,CRISPR Guide Capture,Non-Targeting,Non-Targeting
KIF1B_P1P2_B,KIF1B_P1P2_B,R2,(BC)GTTTAAGAGCTAAGCTGGAA,GTGACGGCAGCGGTCCTGGG,CRISPR Guide Capture,Non-Targeting,Non-Targeting
KIF20A_P1P2_A,KIF20A_P1P2_A,R2,(BC)GTTTCAGAGCTAAGCACAAG,GGGGCAAGAGCTGGTAACCC,CRISPR Guide Capture,Non-Targeting,Non-Targeting
KIF20A_P1P2_B,KIF20A_P1P2_B,R2,(BC)GTTTAAGAGCTAAGCTGGAA,GCGTGCCACTTGCTCCTCCT,CRISPR Guide Capture,Non-Targeting,Non-Targeting
KLF10_P2_A,KLF10_P2_A,R2,(BC)GTTTCAGAGCTAAGCACAAG,GAAGAGAGCGTGAGCTGGGA,CRISPR Guide Capture,Non-Targeting,Non-Targeting
KLF10_P2_B,KLF10_P2_B,R2,(BC)GTTTAAGAGCTAAGCTGGAA,GTGGGGCGCGAGGCAGGAAA,CRISPR Guide Capture,Non-Targeting,Non-Targeting
KLF10_P1_A,KLF10_P1_A,R2,(BC)GTTTCAGAGCTAAGCACAAG,GGCGCCGGCCAATGGGCTCG,CRISPR Guide Capture,Non-Targeting,Non-Targeting
KLF10_P1_B,KLF10_P1_B,R2,(BC)GTTTAAGAGCTAAGCTGGAA,GTGTGTGAGGCGCCGGCCAA,CRISPR Guide Capture,Non-Targeting,Non-Targeting
KLHDC2_P1P2_A,KLHDC2_P1P2_A,R2,(BC)GTTTCAGAGCTAAGCACAAG,GGGGCAGACGGGCTGCAATA,CRISPR Guide Capture,Non-Targeting,Non-Targeting
KLHDC2_P1P2_B,KLHDC2_P1P2_B,R2,(BC)GTTTAAGAGCTAAGCTGGAA,GCCGTGGACTGCAGGAGGCG,CRISPR Guide Capture,Non-Targeting,Non-Targeting
KRT18_P1P2_A,KRT18_P1P2_A,R2,(BC)GTTTCAGAGCTAAGCACAAG,GGCTTTGCGGACGACGGTGG,CRISPR Guide Capture,Non-Targeting,Non-Targeting
KRT18_P1P2_B,KRT18_P1P2_B,R2,(BC)GTTTAAGAGCTAAGCTGGAA,GCAGGCTTTGCGGACGACGG,CRISPR Guide Capture,Non-Targeting,Non-Targeting
LAD1_P1P2_A,LAD1_P1P2_A,R2,(BC)GTTTCAGAGCTAAGCACAAG,GCTCCGCCAGAGACACACGG,CRISPR Guide Capture,Non-Targeting,Non-Targeting
LAD1_P1P2_B,LAD1_P1P2_B,R2,(BC)GTTTAAGAGCTAAGCTGGAA,GTGTCCAGGTGAGCGCCGGA,CRISPR Guide Capture,Non-Targeting,Non-Targeting
LAP3_P1P2_A,LAP3_P1P2_A,R2,(BC)GTTTCAGAGCTAAGCACAAG,GACATGACGAAGGTGAGAGG,CRISPR Guide Capture,Non-Targeting,Non-Targeting
LAP3_P1P2_B,LAP3_P1P2_B,R2,(BC)GTTTAAGAGCTAAGCTGGAA,GTGACGAAGGTGAGAGGCGG,CRISPR Guide Capture,Non-Targeting,Non-Targeting
LBR_P1P2_A,LBR_P1P2_A,R2,(BC)GTTTCAGAGCTAAGCACAAG,GTAGTCGCACAGCAACCCGG,CRISPR Guide Capture,Non-Targeting,Non-Targeting
LBR_P1P2_B,LBR_P1P2_B,R2,(BC)GTTTAAGAGCTAAGCTGGAA,GGAATAGTCGCACAGCAACC,CRISPR Guide Capture,Non-Targeting,Non-Targeting
LRPPRC_P1P2_A,LRPPRC_P1P2_A,R2,(BC)GTTTCAGAGCTAAGCACAAG,GTGCGGGGACGTTCGAGCAA,CRISPR Guide Capture,Non-Targeting,Non-Targeting
LRPPRC_P1P2_B,LRPPRC_P1P2_B,R2,(BC)GTTTAAGAGCTAAGCTGGAA,GCAACGCGCGGATCTCAGCA,CRISPR Guide Capture,Non-Targeting,Non-Targeting
LTBR_P1P2_A,LTBR_P1P2_A,R2,(BC)GTTTCAGAGCTAAGCACAAG,GGAGCCTGGGACGGGACTCA,CRISPR Guide Capture,Non-Targeting,Non-Targeting
LTBR_P1P2_B,LTBR_P1P2_B,R2,(BC)GTTTAAGAGCTAAGCTGGAA,GGCCTCCAGGGCTCCCATGG,CRISPR Guide Capture,Non-Targeting,Non-Targeting
LZTR1_P1P2_A,LZTR1_P1P2_A,R2,(BC)GTTTCAGAGCTAAGCACAAG,GATCCGGCGTGGACCCGGGA,CRISPR Guide Capture,Non-Targeting,Non-Targeting
LZTR1_P1P2_B,LZTR1_P1P2_B,R2,(BC)GTTTAAGAGCTAAGCTGGAA,GTGGACCGGGCAGCACGGGG,CRISPR Guide Capture,Non-Targeting,Non-Targeting
MAP1B_P1P2_A,MAP1B_P1P2_A,R2,(BC)GTTTCAGAGCTAAGCACAAG,GGGAGCGAGACACTTCGCCG,CRISPR Guide Capture,Non-Targeting,Non-Targeting
MAP1B_P1P2_B,MAP1B_P1P2_B,R2,(BC)GTTTAAGAGCTAAGCTGGAA,GTATGAGAGGTGACGAGGAG,CRISPR Guide Capture,Non-Targeting,Non-Targeting
MAP3K7_P1P2_A,MAP3K7_P1P2_A,R2,(BC)GTTTCAGAGCTAAGCACAAG,GGCGGAGCCAGAGCCGGACA,CRISPR Guide Capture,Non-Targeting,Non-Targeting
MAP3K7_P1P2_B,MAP3K7_P1P2_B,R2,(BC)GTTTAAGAGCTAAGCTGGAA,GCCGTCGGCGGAAAACGCAG,CRISPR Guide Capture,Non-Targeting,Non-Targeting
MAPKAPK2_P1P2_A,MAPKAPK2_P1P2_A,R2,(BC)GTTTCAGAGCTAAGCACAAG,GCGCAGACGAGGCTGTGACG,CRISPR Guide Capture,Non-Targeting,Non-Targeting
MAPKAPK2_P1P2_B,MAPKAPK2_P1P2_B,R2,(BC)GTTTAAGAGCTAAGCTGGAA,GCCTGGCGCTCTGGGGACCG,CRISPR Guide Capture,Non-Targeting,Non-Targeting
MAST2_P1P2_A,MAST2_P1P2_A,R2,(BC)GTTTCAGAGCTAAGCACAAG,GCCGGGAGGGTGAACCTGAA,CRISPR Guide Capture,Non-Targeting,Non-Targeting
MAST2_P1P2_B,MAST2_P1P2_B,R2,(BC)GTTTAAGAGCTAAGCTGGAA,GCTCCCACCCAGCACACGTT,CRISPR Guide Capture,Non-Targeting,Non-Targeting
MAT2A_P1P2_A,MAT2A_P1P2_A,R2,(BC)GTTTCAGAGCTAAGCACAAG,GGAGCGAACGAAGCAGCGGG,CRISPR Guide Capture,Non-Targeting,Non-Targeting
MAT2A_P1P2_B,MAT2A_P1P2_B,R2,(BC)GTTTAAGAGCTAAGCTGGAA,GCGCGGAGCGAACGAAGCAG,CRISPR Guide Capture,Non-Targeting,Non-Targeting
MAU2_P1P2_A,MAU2_P1P2_A,R2,(BC)GTTTCAGAGCTAAGCACAAG,GTGCTTCCGCCTCCCTGTGG,CRISPR Guide Capture,Non-Targeting,Non-Targeting
MAU2_P1P2_B,MAU2_P1P2_B,R2,(BC)GTTTAAGAGCTAAGCTGGAA,GACAAGCCGCCGCCACAGGG,CRISPR Guide Capture,Non-Targeting,Non-Targeting
MAX_P1P2_A,MAX_P1P2_A,R2,(BC)GTTTCAGAGCTAAGCACAAG,GGAGAGCGACGTGAGTCCTG,CRISPR Guide Capture,Non-Targeting,Non-Targeting
MAX_P1P2_B,MAX_P1P2_B,R2,(BC)GTTTAAGAGCTAAGCTGGAA,GAGGCACTCCTGGCCCCGAG,CRISPR Guide Capture,Non-Targeting,Non-Targeting
MBTPS1_P1P2_A,MBTPS1_P1P2_A,R2,(BC)GTTTCAGAGCTAAGCACAAG,GCTCCGCGGCGAACACGCCT,CRISPR Guide Capture,Non-Targeting,Non-Targeting
MBTPS1_P1P2_B,MBTPS1_P1P2_B,R2,(BC)GTTTAAGAGCTAAGCTGGAA,GCTGCGCCGCCGGGAGCTCA,CRISPR Guide Capture,Non-Targeting,Non-Targeting
MED12_P1P2_A,MED12_P1P2_A,R2,(BC)GTTTCAGAGCTAAGCACAAG,GCGGCGGCCGAGAGACAACA,CRISPR Guide Capture,Non-Targeting,Non-Targeting
MED12_P1P2_B,MED12_P1P2_B,R2,(BC)GTTTAAGAGCTAAGCTGGAA,GGCAGGGCCAGGCTGACTGG,CRISPR Guide Capture,Non-Targeting,Non-Targeting
MED13L_P1P2_A,MED13L_P1P2_A,R2,(BC)GTTTCAGAGCTAAGCACAAG,GCGAAGCCAGCGGGCGACCC,CRISPR Guide Capture,Non-Targeting,Non-Targeting
MED13L_P1P2_B,MED13L_P1P2_B,R2,(BC)GTTTAAGAGCTAAGCTGGAA,GGTCAGAGCAAGCGAGCCCG,CRISPR Guide Capture,Non-Targeting,Non-Targeting
MED13_P1P2_A,MED13_P1P2_A,R2,(BC)GTTTCAGAGCTAAGCACAAG,GGCCCCGTTCGGCACGAAGG,CRISPR Guide Capture,Non-Targeting,Non-Targeting
MED13_P1P2_B,MED13_P1P2_B,R2,(BC)GTTTAAGAGCTAAGCTGGAA,GTCGGAGGCGGCGGTAATGG,CRISPR Guide Capture,Non-Targeting,Non-Targeting
MED15_P2_A,MED15_P2_A,R2,(BC)GTTTCAGAGCTAAGCACAAG,GAGGACAGCAGCGATCGCCA,CRISPR Guide Capture,Non-Targeting,Non-Targeting
MED15_P2_B,MED15_P2_B,R2,(BC)GTTTAAGAGCTAAGCTGGAA,GCAGGTGCCGCGCTAGTGCG,CRISPR Guide Capture,Non-Targeting,Non-Targeting
MED15_P1_A,MED15_P1_A,R2,(BC)GTTTCAGAGCTAAGCACAAG,GTGGCGGCCAAGCGGGATAC,CRISPR Guide Capture,Non-Targeting,Non-Targeting
MED15_P1_B,MED15_P1_B,R2,(BC)GTTTAAGAGCTAAGCTGGAA,GGGCTCTGTGACTGAGGCGG,CRISPR Guide Capture,Non-Targeting,Non-Targeting
MED19_P1P2_A,MED19_P1P2_A,R2,(BC)GTTTCAGAGCTAAGCACAAG,GAGACACGGAGACAGCGCCG,CRISPR Guide Capture,Non-Targeting,Non-Targeting
MED19_P1P2_B,MED19_P1P2_B,R2,(BC)GTTTAAGAGCTAAGCTGGAA,GGCCGGGGCGGAGGGTACGA,CRISPR Guide Capture,Non-Targeting,Non-Targeting
MED1_P1P2_A,MED1_P1P2_A,R2,(BC)GTTTCAGAGCTAAGCACAAG,GATCAATCTGAAGTCCCCGG,CRISPR Guide Capture,Non-Targeting,Non-Targeting
MED1_P1P2_B,MED1_P1P2_B,R2,(BC)GTTTAAGAGCTAAGCTGGAA,GCGAGGGTAAGTGACTGTAG,CRISPR Guide Capture,Non-Targeting,Non-Targeting
MED23_P1P2_A,MED23_P1P2_A,R2,(BC)GTTTCAGAGCTAAGCACAAG,GGCTCCAGGTAAAGCGCTGG,CRISPR Guide Capture,Non-Targeting,Non-Targeting
MED23_P1P2_B,MED23_P1P2_B,R2,(BC)GTTTAAGAGCTAAGCTGGAA,GACTCGAGCTCTGGGAATAT,CRISPR Guide Capture,Non-Targeting,Non-Targeting
MED24_P1P2_A,MED24_P1P2_A,R2,(BC)GTTTCAGAGCTAAGCACAAG,GCACCTAGAACTGGATTGTG,CRISPR Guide Capture,Non-Targeting,Non-Targeting
MED24_P1P2_B,MED24_P1P2_B,R2,(BC)GTTTAAGAGCTAAGCTGGAA,GTACCGCACAATCCAGTTCT,CRISPR Guide Capture,Non-Targeting,Non-Targeting
MED25_P1P2_A,MED25_P1P2_A,R2,(BC)GTTTCAGAGCTAAGCACAAG,GGTATGGTCCCCGGGTCCGA,CRISPR Guide Capture,Non-Targeting,Non-Targeting
MED25_P1P2_B,MED25_P1P2_B,R2,(BC)GTTTAAGAGCTAAGCTGGAA,GGCGGGTACCGCACGGGGTA,CRISPR Guide Capture,Non-Targeting,Non-Targeting
METTL14_P1P2_A,METTL14_P1P2_A,R2,(BC)GTTTCAGAGCTAAGCACAAG,GCCGGGAGCGGCAGAAGTTA,CRISPR Guide Capture,Non-Targeting,Non-Targeting
METTL14_P1P2_B,METTL14_P1P2_B,R2,(BC)GTTTAAGAGCTAAGCTGGAA,GTAACAGCGGCAGGTAGAGA,CRISPR Guide Capture,Non-Targeting,Non-Targeting
METTL17_P1P2_A,METTL17_P1P2_A,R2,(BC)GTTTCAGAGCTAAGCACAAG,GGCCTCCGGAGCCATGGCGG,CRISPR Guide Capture,Non-Targeting,Non-Targeting
METTL17_P1P2_B,METTL17_P1P2_B,R2,(BC)GTTTAAGAGCTAAGCTGGAA,GTTCGCCTCCGGAGCCATGG,CRISPR Guide Capture,Non-Targeting,Non-Targeting
METTL3_P1P2_A,METTL3_P1P2_A,R2,(BC)GTTTCAGAGCTAAGCACAAG,GGTGAGAATTGGCTATATCC,CRISPR Guide Capture,Non-Targeting,Non-Targeting
METTL3_P1P2_B,METTL3_P1P2_B,R2,(BC)GTTTAAGAGCTAAGCTGGAA,GACCGAGGCCCAGCGTGAGG,CRISPR Guide Capture,Non-Targeting,Non-Targeting
MFSD10_P1P2_A,MFSD10_P1P2_A,R2,(BC)GTTTCAGAGCTAAGCACAAG,GACGGACGGTCGCACAGACG,CRISPR Guide Capture,Non-Targeting,Non-Targeting
MFSD10_P1P2_B,MFSD10_P1P2_B,R2,(BC)GTTTAAGAGCTAAGCTGGAA,GGCTGCGCGCTCGGGACGGA,CRISPR Guide Capture,Non-Targeting,Non-Targeting
MGST1_P1P2_A,MGST1_P1P2_A,R2,(BC)GTTTCAGAGCTAAGCACAAG,GACGCACGGTGAGGCCGAGG,CRISPR Guide Capture,Non-Targeting,Non-Targeting
MGST1_P1P2_B,MGST1_P1P2_B,R2,(BC)GTTTAAGAGCTAAGCTGGAA,GAGTACGCACGGTGAGGCCG,CRISPR Guide Capture,Non-Targeting,Non-Targeting
MKI67_P1P2_A,MKI67_P1P2_A,R2,(BC)GTTTCAGAGCTAAGCACAAG,GCGGGAGGACTCGACTCGGT,CRISPR Guide Capture,Non-Targeting,Non-Targeting
MKI67_P1P2_B,MKI67_P1P2_B,R2,(BC)GTTTAAGAGCTAAGCTGGAA,GCGGGCGGGAGGACTCGACT,CRISPR Guide Capture,Non-Targeting,Non-Targeting
MLLT1_P1P2_A,MLLT1_P1P2_A,R2,(BC)GTTTCAGAGCTAAGCACAAG,GCGGCGCTTGACAGACAATG,CRISPR Guide Capture,Non-Targeting,Non-Targeting
MLLT1_P1P2_B,MLLT1_P1P2_B,R2,(BC)GTTTAAGAGCTAAGCTGGAA,GCGGGTCGCGCACCGATCAC,CRISPR Guide Capture,Non-Targeting,Non-Targeting
MORN2_P1P2_A,MORN2_P1P2_A,R2,(BC)GTTTCAGAGCTAAGCACAAG,GCCGCAGAGCTGGCCGCCCA,CRISPR Guide Capture,Non-Targeting,Non-Targeting
MORN2_P1P2_B,MORN2_P1P2_B,R2,(BC)GTTTAAGAGCTAAGCTGGAA,GCGGGAGAGAACTAGGCGCT,CRISPR Guide Capture,Non-Targeting,Non-Targeting
MPC2_P1P2_A,MPC2_P1P2_A,R2,(BC)GTTTCAGAGCTAAGCACAAG,GCGGCTTCACTTGAAGGGAA,CRISPR Guide Capture,Non-Targeting,Non-Targeting
MPC2_P1P2_B,MPC2_P1P2_B,R2,(BC)GTTTAAGAGCTAAGCTGGAA,GGCCTGGAGTACCCTTCCCG,CRISPR Guide Capture,Non-Targeting,Non-Targeting
MTA1_P1P2_A,MTA1_P1P2_A,R2,(BC)GTTTCAGAGCTAAGCACAAG,GGTTGGGGTGAGCACGGCGG,CRISPR Guide Capture,Non-Targeting,Non-Targeting
MTA1_P1P2_B,MTA1_P1P2_B,R2,(BC)GTTTAAGAGCTAAGCTGGAA,GCCGCCAACATGTACAGGGT,CRISPR Guide Capture,Non-Targeting,Non-Targeting
MTFR1_P1P2_A,MTFR1_P1P2_A,R2,(BC)GTTTCAGAGCTAAGCACAAG,GCGGTTGAGTGTTTGCCCCG,CRISPR Guide Capture,Non-Targeting,Non-Targeting
MTFR1_P1P2_B,MTFR1_P1P2_B,R2,(BC)GTTTAAGAGCTAAGCTGGAA,GTTCTAGCTTGGCTGTCCCG,CRISPR Guide Capture,Non-Targeting,Non-Targeting
NCAPH2_P1P2_A,NCAPH2_P1P2_A,R2,(BC)GTTTCAGAGCTAAGCACAAG,GATGTCCGGGAGGGAACGGG,CRISPR Guide Capture,Non-Targeting,Non-Targeting
NCAPH2_P1P2_B,NCAPH2_P1P2_B,R2,(BC)GTTTAAGAGCTAAGCTGGAA,GCTGAGGACGCCGTACCCCT,CRISPR Guide Capture,Non-Targeting,Non-Targeting
NCK2_P1P2_A,NCK2_P1P2_A,R2,(BC)GTTTCAGAGCTAAGCACAAG,GTCCGGCCTGACGATCCCCG,CRISPR Guide Capture,Non-Targeting,Non-Targeting
NCK2_P1P2_B,NCK2_P1P2_B,R2,(BC)GTTTAAGAGCTAAGCTGGAA,GCGCTGCCGCGGGGATCGTC,CRISPR Guide Capture,Non-Targeting,Non-Targeting
NCKAP1_P1P2_A,NCKAP1_P1P2_A,R2,(BC)GTTTCAGAGCTAAGCACAAG,GCGGGCCCGGGAGGGATGAA,CRISPR Guide Capture,Non-Targeting,Non-Targeting
NCKAP1_P1P2_B,NCKAP1_P1P2_B,R2,(BC)GTTTAAGAGCTAAGCTGGAA,GCCATGGGCGCGCTCTCCTA,CRISPR Guide Capture,Non-Targeting,Non-Targeting
NDUFB4_P1P2_A,NDUFB4_P1P2_A,R2,(BC)GTTTCAGAGCTAAGCACAAG,GGCAGAGTGCGCAGGCTCGA,CRISPR Guide Capture,Non-Targeting,Non-Targeting
NDUFB4_P1P2_B,NDUFB4_P1P2_B,R2,(BC)GTTTAAGAGCTAAGCTGGAA,GACTCACGATGAGCCCTCGG,CRISPR Guide Capture,Non-Targeting,Non-Targeting
NDUFB6_P1P2_A,NDUFB6_P1P2_A,R2,(BC)GTTTCAGAGCTAAGCACAAG,GACGGCGCACCCTCGAACTA,CRISPR Guide Capture,Non-Targeting,Non-Targeting
NDUFB6_P1P2_B,NDUFB6_P1P2_B,R2,(BC)GTTTAAGAGCTAAGCTGGAA,GGTACCAACGCAAAAGGACA,CRISPR Guide Capture,Non-Targeting,Non-Targeting
NDUFB9_P1P2_A,NDUFB9_P1P2_A,R2,(BC)GTTTCAGAGCTAAGCACAAG,GTTACGGCGCTGACCTTCCC,CRISPR Guide Capture,Non-Targeting,Non-Targeting
NDUFB9_P1P2_B,NDUFB9_P1P2_B,R2,(BC)GTTTAAGAGCTAAGCTGGAA,GGACGCCAAGAACGCCATTA,CRISPR Guide Capture,Non-Targeting,Non-Targeting
NDUFC2_P1P2_A,NDUFC2_P1P2_A,R2,(BC)GTTTCAGAGCTAAGCACAAG,GACCCGCGGCTCCTCTACAT,CRISPR Guide Capture,Non-Targeting,Non-Targeting
NDUFC2_P1P2_B,NDUFC2_P1P2_B,R2,(BC)GTTTAAGAGCTAAGCTGGAA,GGCCCAAGCTGACCGACCCG,CRISPR Guide Capture,Non-Targeting,Non-Targeting
NEK2_P1P2_A,NEK2_P1P2_A,R2,(BC)GTTTCAGAGCTAAGCACAAG,GGGCGACGAAACCTAAGCAG,CRISPR Guide Capture,Non-Targeting,Non-Targeting
NEK2_P1P2_B,NEK2_P1P2_B,R2,(BC)GTTTAAGAGCTAAGCTGGAA,GTTAAACGGGGCCCAAGGCA,CRISPR Guide Capture,Non-Targeting,Non-Targeting
NELFE_P1P2_A,NELFE_P1P2_A,R2,(BC)GTTTCAGAGCTAAGCACAAG,GGTTGTGAGCCCGCTATCAG,CRISPR Guide Capture,Non-Targeting,Non-Targeting
NELFE_P1P2_B,NELFE_P1P2_B,R2,(BC)GTTTAAGAGCTAAGCTGGAA,GCAGAGGGCCTTACCCGAGG,CRISPR Guide Capture,Non-Targeting,Non-Targeting
NFATC3_P1P2_A,NFATC3_P1P2_A,R2,(BC)GTTTCAGAGCTAAGCACAAG,GAAGCCGACAGTGGAGGCTT,CRISPR Guide Capture,Non-Targeting,Non-Targeting
NFATC3_P1P2_B,NFATC3_P1P2_B,R2,(BC)GTTTAAGAGCTAAGCTGGAA,GGTGGAGGCTTAGGCACCGG,CRISPR Guide Capture,Non-Targeting,Non-Targeting
NFE2L1_P1P2_A,NFE2L1_P1P2_A,R2,(BC)GTTTCAGAGCTAAGCACAAG,GCCCTGGAGGCTAGAAGCTC,CRISPR Guide Capture,Non-Targeting,Non-Targeting
NFE2L1_P1P2_B,NFE2L1_P1P2_B,R2,(BC)GTTTAAGAGCTAAGCTGGAA,GGAGGCTCCGAGCTCTAGGC,CRISPR Guide Capture,Non-Targeting,Non-Targeting
NFX1_P1P2_A,NFX1_P1P2_A,R2,(BC)GTTTCAGAGCTAAGCACAAG,GCGGAGGCGCCTCCTGTCTC,CRISPR Guide Capture,Non-Targeting,Non-Targeting
NFX1_P1P2_B,NFX1_P1P2_B,R2,(BC)GTTTAAGAGCTAAGCTGGAA,GTAGGTTCTGCGGCACGGGA,CRISPR Guide Capture,Non-Targeting,Non-Targeting
NGRN_P1P2_A,NGRN_P1P2_A,R2,(BC)GTTTCAGAGCTAAGCACAAG,GAGGGCCGCTGCGCAAGCAG,CRISPR Guide Capture,Non-Targeting,Non-Targeting
NGRN_P1P2_B,NGRN_P1P2_B,R2,(BC)GTTTAAGAGCTAAGCTGGAA,GGTCGGCTACGAAACAGCAG,CRISPR Guide Capture,Non-Targeting,Non-Targeting
NISCH_P1P2_A,NISCH_P1P2_A,R2,(BC)GTTTCAGAGCTAAGCACAAG,GGGCGGCGGAGACCCGAACA,CRISPR Guide Capture,Non-Targeting,Non-Targeting
NISCH_P1P2_B,NISCH_P1P2_B,R2,(BC)GTTTAAGAGCTAAGCTGGAA,GCCCCGAGGAGCGGGTAGAA,CRISPR Guide Capture,Non-Targeting,Non-Targeting
NIT1_P1P2_A,NIT1_P1P2_A,R2,(BC)GTTTCAGAGCTAAGCACAAG,GTCGCAGGGTCCGATCCGGA,CRISPR Guide Capture,Non-Targeting,Non-Targeting
NIT1_P1P2_B,NIT1_P1P2_B,R2,(BC)GTTTAAGAGCTAAGCTGGAA,GTCCAGACCGCCCTCCGGAT,CRISPR Guide Capture,Non-Targeting,Non-Targeting
NRAS_P1P2_A,NRAS_P1P2_A,R2,(BC)GTTTCAGAGCTAAGCACAAG,GGCCTACGTGGGGAGATCTT,CRISPR Guide Capture,Non-Targeting,Non-Targeting
NRAS_P1P2_B,NRAS_P1P2_B,R2,(BC)GTTTAAGAGCTAAGCTGGAA,GAAGTGCCGCTCCTTGGTGG,CRISPR Guide Capture,Non-Targeting,Non-Targeting
NREP_P1P2_A,NREP_P1P2_A,R2,(BC)GTTTCAGAGCTAAGCACAAG,GTCCCAGCCGGGGATAGGAA,CRISPR Guide Capture,Non-Targeting,Non-Targeting
NREP_P1P2_B,NREP_P1P2_B,R2,(BC)GTTTAAGAGCTAAGCTGGAA,GTATATGCCATTCCTATCCC,CRISPR Guide Capture,Non-Targeting,Non-Targeting
NSDHL_P1P2_A,NSDHL_P1P2_A,R2,(BC)GTTTCAGAGCTAAGCACAAG,GTCCGGGCCTGGAGTTCAGT,CRISPR Guide Capture,Non-Targeting,Non-Targeting
NSDHL_P1P2_B,NSDHL_P1P2_B,R2,(BC)GTTTAAGAGCTAAGCTGGAA,GCCGTAGGCGCCCCCCTGTC,CRISPR Guide Capture,Non-Targeting,Non-Targeting
NUDT9_P1P2_A,NUDT9_P1P2_A,R2,(BC)GTTTCAGAGCTAAGCACAAG,GTCGTGGCCGCGGTTTCCCC,CRISPR Guide Capture,Non-Targeting,Non-Targeting
NUDT9_P1P2_B,NUDT9_P1P2_B,R2,(BC)GTTTAAGAGCTAAGCTGGAA,GCCGGCCGCGGGTATCTGAT,CRISPR Guide Capture,Non-Targeting,Non-Targeting
OAZ1_P1P2_A,OAZ1_P1P2_A,R2,(BC)GTTTCAGAGCTAAGCACAAG,GTCCTGGTTTCGGACCCCAG,CRISPR Guide Capture,Non-Targeting,Non-Targeting
OAZ1_P1P2_B,OAZ1_P1P2_B,R2,(BC)GTTTAAGAGCTAAGCTGGAA,GGCCGCTGGGGTCCGAAACC,CRISPR Guide Capture,Non-Targeting,Non-Targeting
OSTC_P1P2_A,OSTC_P1P2_A,R2,(BC)GTTTCAGAGCTAAGCACAAG,GGGAACAGACGCGCCTCCCG,CRISPR Guide Capture,Non-Targeting,Non-Targeting
OSTC_P1P2_B,OSTC_P1P2_B,R2,(BC)GTTTAAGAGCTAAGCTGGAA,GTTCTAGCCCTCCCATCCCA,CRISPR Guide Capture,Non-Targeting,Non-Targeting
OXA1L_P1P2_A,OXA1L_P1P2_A,R2,(BC)GTTTCAGAGCTAAGCACAAG,GTGGCGATGGGACTAATGTG,CRISPR Guide Capture,Non-Targeting,Non-Targeting
OXA1L_P1P2_B,OXA1L_P1P2_B,R2,(BC)GTTTAAGAGCTAAGCTGGAA,GCTAGCCCGAAGGCATGCAG,CRISPR Guide Capture,Non-Targeting,Non-Targeting
OXCT1_P1P2_A,OXCT1_P1P2_A,R2,(BC)GTTTCAGAGCTAAGCACAAG,GGAGCCGAAGCCCGGAGGAG,CRISPR Guide Capture,Non-Targeting,Non-Targeting
OXCT1_P1P2_B,OXCT1_P1P2_B,R2,(BC)GTTTAAGAGCTAAGCTGGAA,GCCTCACCGCCCGAAGATGG,CRISPR Guide Capture,Non-Targeting,Non-Targeting
PACSIN3_P1P2_A,PACSIN3_P1P2_A,R2,(BC)GTTTCAGAGCTAAGCACAAG,GGGGTTCGGAGTGCGTCATC,CRISPR Guide Capture,Non-Targeting,Non-Targeting
PACSIN3_P1P2_B,PACSIN3_P1P2_B,R2,(BC)GTTTAAGAGCTAAGCTGGAA,GCCCGTGGAGCCACGCGGAG,CRISPR Guide Capture,Non-Targeting,Non-Targeting
PAGR1_P1P2_A,PAGR1_P1P2_A,R2,(BC)GTTTCAGAGCTAAGCACAAG,GGACACTGCGGCCAGTACGG,CRISPR Guide Capture,Non-Targeting,Non-Targeting
PAGR1_P1P2_B,PAGR1_P1P2_B,R2,(BC)GTTTAAGAGCTAAGCTGGAA,GGACAGAGGCGCCGCCGTAC,CRISPR Guide Capture,Non-Targeting,Non-Targeting
PAXIP1_P1P2_A,PAXIP1_P1P2_A,R2,(BC)GTTTCAGAGCTAAGCACAAG,GCGGGCCGCCGCGATCATGT,CRISPR Guide Capture,Non-Targeting,Non-Targeting
PAXIP1_P1P2_B,PAXIP1_P1P2_B,R2,(BC)GTTTAAGAGCTAAGCTGGAA,GCCTGAGGAGATGTTCAGGG,CRISPR Guide Capture,Non-Targeting,Non-Targeting
PBX1_P1P2_A,PBX1_P1P2_A,R2,(BC)GTTTCAGAGCTAAGCACAAG,GGCGGCGGCAGGCAAAGCAC,CRISPR Guide Capture,Non-Targeting,Non-Targeting
PBX1_P1P2_B,PBX1_P1P2_B,R2,(BC)GTTTAAGAGCTAAGCTGGAA,GAGATCTCCCCCAGCCGCGG,CRISPR Guide Capture,Non-Targeting,Non-Targeting
PBX3_P1P2_A,PBX3_P1P2_A,R2,(BC)GTTTCAGAGCTAAGCACAAG,GCGGGATGGACGATCAATCC,CRISPR Guide Capture,Non-Targeting,Non-Targeting
PBX3_P1P2_B,PBX3_P1P2_B,R2,(BC)GTTTAAGAGCTAAGCTGGAA,GTGGCCAGCCAGGTTCACCC,CRISPR Guide Capture,Non-Targeting,Non-Targeting
PCCB_P1_A,PCCB_P1_A,R2,(BC)GTTTCAGAGCTAAGCACAAG,GCGCGCCGGCACAGCAAAAA,CRISPR Guide Capture,Non-Targeting,Non-Targeting
PCCB_P1_B,PCCB_P1_B,R2,(BC)GTTTAAGAGCTAAGCTGGAA,GATGGCGGCGGCATTACGGG,CRISPR Guide Capture,Non-Targeting,Non-Targeting
PCCB_P2_A,PCCB_P2_A,R2,(BC)GTTTCAGAGCTAAGCACAAG,GTAGGGAAAGCTAACAGCCA,CRISPR Guide Capture,Non-Targeting,Non-Targeting
PCCB_P2_B,PCCB_P2_B,R2,(BC)GTTTAAGAGCTAAGCTGGAA,GAGATGTGCAGATTTTGGAA,CRISPR Guide Capture,Non-Targeting,Non-Targeting
PGAM1_P1P2_A,PGAM1_P1P2_A,R2,(BC)GTTTCAGAGCTAAGCACAAG,GACGGGGCGGGCTGCTACTC,CRISPR Guide Capture,Non-Targeting,Non-Targeting
PGAM1_P1P2_B,PGAM1_P1P2_B,R2,(BC)GTTTAAGAGCTAAGCTGGAA,GGCGCGGGAGCCGGACTGAG,CRISPR Guide Capture,Non-Targeting,Non-Targeting
PHF10_P1P2_A,PHF10_P1P2_A,R2,(BC)GTTTCAGAGCTAAGCACAAG,GAATGGAGGAGGCCCAGCGG,CRISPR Guide Capture,Non-Targeting,Non-Targeting
PHF10_P1P2_B,PHF10_P1P2_B,R2,(BC)GTTTAAGAGCTAAGCTGGAA,GAGTACAACGCCGGGCCGTG,CRISPR Guide Capture,Non-Targeting,Non-Targeting
PHF12_P1P2_A,PHF12_P1P2_A,R2,(BC)GTTTCAGAGCTAAGCACAAG,GGATACCCCCAGCCCCGGGA,CRISPR Guide Capture,Non-Targeting,Non-Targeting
PHF12_P1P2_B,PHF12_P1P2_B,R2,(BC)GTTTAAGAGCTAAGCTGGAA,GCCCGCCGAGGCCTGACCCC,CRISPR Guide Capture,Non-Targeting,Non-Targeting
PHF14_P1P2_A,PHF14_P1P2_A,R2,(BC)GTTTCAGAGCTAAGCACAAG,GCCCGGATACAGCTCTGAAA,CRISPR Guide Capture,Non-Targeting,Non-Targeting
PHF14_P1P2_B,PHF14_P1P2_B,R2,(BC)GTTTAAGAGCTAAGCTGGAA,GAAATTGCACAGCGCGAGGG,CRISPR Guide Capture,Non-Targeting,Non-Targeting
PIAS1_P1P2_A,PIAS1_P1P2_A,R2,(BC)GTTTCAGAGCTAAGCACAAG,GGCGGACAGTGCGGAACTAA,CRISPR Guide Capture,Non-Targeting,Non-Targeting
PIAS1_P1P2_B,PIAS1_P1P2_B,R2,(BC)GTTTAAGAGCTAAGCTGGAA,GGCTGACAGACGCAAGATGG,CRISPR Guide Capture,Non-Targeting,Non-Targeting
PLAGL2_P1P2_A,PLAGL2_P1P2_A,R2,(BC)GTTTCAGAGCTAAGCACAAG,GGCCCGACCGCCGCCACTAC,CRISPR Guide Capture,Non-Targeting,Non-Targeting
PLAGL2_P1P2_B,PLAGL2_P1P2_B,R2,(BC)GTTTAAGAGCTAAGCTGGAA,GCCCCCTCAGGCCCCGGTAG,CRISPR Guide Capture,Non-Targeting,Non-Targeting
PLCB3_P1P2_A,PLCB3_P1P2_A,R2,(BC)GTTTCAGAGCTAAGCACAAG,GTGGTCGGTCCGGGACAGAC,CRISPR Guide Capture,Non-Targeting,Non-Targeting
PLCB3_P1P2_B,PLCB3_P1P2_B,R2,(BC)GTTTAAGAGCTAAGCTGGAA,GCGGTCCGGGACAGACTGGC,CRISPR Guide Capture,Non-Targeting,Non-Targeting
PMEL_P1P2_A,PMEL_P1P2_A,R2,(BC)GTTTCAGAGCTAAGCACAAG,GGCTGGAGGGAAGAACACAA,CRISPR Guide Capture,Non-Targeting,Non-Targeting
PMEL_P1P2_B,PMEL_P1P2_B,R2,(BC)GTTTAAGAGCTAAGCTGGAA,GTATCACAGCCAAATGAAGA,CRISPR Guide Capture,Non-Targeting,Non-Targeting
PMS1_P1P2_A,PMS1_P1P2_A,R2,(BC)GTTTCAGAGCTAAGCACAAG,GTCCGGGCGCGAACGCTATA,CRISPR Guide Capture,Non-Targeting,Non-Targeting
PMS1_P1P2_B,PMS1_P1P2_B,R2,(BC)GTTTAAGAGCTAAGCTGGAA,GCGGACCAGGACGAGTAGAG,CRISPR Guide Capture,Non-Targeting,Non-Targeting
POLB_P1P2_A,POLB_P1P2_A,R2,(BC)GTTTCAGAGCTAAGCACAAG,GGCGCCCCGCCCCCCATCGG,CRISPR Guide Capture,Non-Targeting,Non-Targeting
POLB_P1P2_B,POLB_P1P2_B,R2,(BC)GTTTAAGAGCTAAGCTGGAA,GCCCTCTCCCAGCTTGAAGG,CRISPR Guide Capture,Non-Targeting,Non-Targeting
PPP2R3C_P1P2_A,PPP2R3C_P1P2_A,R2,(BC)GTTTCAGAGCTAAGCACAAG,GCCCGGCCCTAAACTCCTAG,CRISPR Guide Capture,Non-Targeting,Non-Targeting
PPP2R3C_P1P2_B,PPP2R3C_P1P2_B,R2,(BC)GTTTAAGAGCTAAGCTGGAA,GTGAAACCTCCCGACAAAGG,CRISPR Guide Capture,Non-Targeting,Non-Targeting
PRCP_P1_A,PRCP_P1_A,R2,(BC)GTTTCAGAGCTAAGCACAAG,GGCTCGGCGGCCCATGGCTC,CRISPR Guide Capture,Non-Targeting,Non-Targeting
PRCP_P1_B,PRCP_P1_B,R2,(BC)GTTTAAGAGCTAAGCTGGAA,GGCCGGCCGGAGGGCTATGG,CRISPR Guide Capture,Non-Targeting,Non-Targeting
PRCP_P2_A,PRCP_P2_A,R2,(BC)GTTTCAGAGCTAAGCACAAG,GCGGGAACCCTACGCCCAGG,CRISPR Guide Capture,Non-Targeting,Non-Targeting
PRCP_P2_B,PRCP_P2_B,R2,(BC)GTTTAAGAGCTAAGCTGGAA,GGTACTACTGATCCACCTGT,CRISPR Guide Capture,Non-Targeting,Non-Targeting
PRDM14_P1P2_A,PRDM14_P1P2_A,R2,(BC)GTTTCAGAGCTAAGCACAAG,GGGACGCTGCGGGGCCACTC,CRISPR Guide Capture,Non-Targeting,Non-Targeting
PRDM14_P1P2_B,PRDM14_P1P2_B,R2,(BC)GTTTAAGAGCTAAGCTGGAA,GCGGGCTCGGTAGGCCACTC,CRISPR Guide Capture,Non-Targeting,Non-Targeting
PRR12_P1P2_A,PRR12_P1P2_A,R2,(BC)GTTTCAGAGCTAAGCACAAG,GTGCACCGTGAGCGCAGAGG,CRISPR Guide Capture,Non-Targeting,Non-Targeting
PRR12_P1P2_B,PRR12_P1P2_B,R2,(BC)GTTTAAGAGCTAAGCTGGAA,GCAGCCATCTTTGCACAAGG,CRISPR Guide Capture,Non-Targeting,Non-Targeting
PSME1_P1P2_A,PSME1_P1P2_A,R2,(BC)GTTTCAGAGCTAAGCACAAG,GGCCGCACAAGGAGTGGAGT,CRISPR Guide Capture,Non-Targeting,Non-Targeting
PSME1_P1P2_B,PSME1_P1P2_B,R2,(BC)GTTTAAGAGCTAAGCTGGAA,GCCTAGCGCCGCACAAGGAG,CRISPR Guide Capture,Non-Targeting,Non-Targeting
PSMG1_P1P2_A,PSMG1_P1P2_A,R2,(BC)GTTTCAGAGCTAAGCACAAG,GGAACCCAGCCCTCCCACAG,CRISPR Guide Capture,Non-Targeting,Non-Targeting
PSMG1_P1P2_B,PSMG1_P1P2_B,R2,(BC)GTTTAAGAGCTAAGCTGGAA,GGCGGCCACGTTCTTCGGAG,CRISPR Guide Capture,Non-Targeting,Non-Targeting
PTPN1_P1P2_A,PTPN1_P1P2_A,R2,(BC)GTTTCAGAGCTAAGCACAAG,GGAAGCAGCAGCGGCTAGGG,CRISPR Guide Capture,Non-Targeting,Non-Targeting
PTPN1_P1P2_B,PTPN1_P1P2_B,R2,(BC)GTTTAAGAGCTAAGCTGGAA,GAAGGGCCCGCCACGCTCCG,CRISPR Guide Capture,Non-Targeting,Non-Targeting
RAB3B_P1P2_A,RAB3B_P1P2_A,R2,(BC)GTTTCAGAGCTAAGCACAAG,GTCCGGTCAGGTCCTCACAG,CRISPR Guide Capture,Non-Targeting,Non-Targeting
RAB3B_P1P2_B,RAB3B_P1P2_B,R2,(BC)GTTTAAGAGCTAAGCTGGAA,GGCCACTGTGAGGACCTGAC,CRISPR Guide Capture,Non-Targeting,Non-Targeting
RAF1_P1P2_A,RAF1_P1P2_A,R2,(BC)GTTTCAGAGCTAAGCACAAG,GCTTGGGCCGCCATCTTAGA,CRISPR Guide Capture,Non-Targeting,Non-Targeting
RAF1_P1P2_B,RAF1_P1P2_B,R2,(BC)GTTTAAGAGCTAAGCTGGAA,GCTTAGATGGCGGGAGTAAG,CRISPR Guide Capture,Non-Targeting,Non-Targeting
RBPJ_P1P2_A,RBPJ_P1P2_A,R2,(BC)GTTTCAGAGCTAAGCACAAG,GTGTGACAGGGTAAGTCTGA,CRISPR Guide Capture,Non-Targeting,Non-Targeting
RBPJ_P1P2_B,RBPJ_P1P2_B,R2,(BC)GTTTAAGAGCTAAGCTGGAA,GGATGGCGCCTGTTGTGACA,CRISPR Guide Capture,Non-Targeting,Non-Targeting
RFX5_P1P2_A,RFX5_P1P2_A,R2,(BC)GTTTCAGAGCTAAGCACAAG,GTGGAGTGAAGGTGGCTACG,CRISPR Guide Capture,Non-Targeting,Non-Targeting
RFX5_P1P2_B,RFX5_P1P2_B,R2,(BC)GTTTAAGAGCTAAGCTGGAA,GGCGCTGGGCGTCAGAAACC,CRISPR Guide Capture,Non-Targeting,Non-Targeting
RNF20_P1P2_A,RNF20_P1P2_A,R2,(BC)GTTTCAGAGCTAAGCACAAG,GCTGACCCGCGGCGGAGACA,CRISPR Guide Capture,Non-Targeting,Non-Targeting
RNF20_P1P2_B,RNF20_P1P2_B,R2,(BC)GTTTAAGAGCTAAGCTGGAA,GTCGCAGCAGTTACTCACCA,CRISPR Guide Capture,Non-Targeting,Non-Targeting
RNF2_P1P2_A,RNF2_P1P2_A,R2,(BC)GTTTCAGAGCTAAGCACAAG,GCGCGGCCGGAGCAAGACTC,CRISPR Guide Capture,Non-Targeting,Non-Targeting
RNF2_P1P2_B,RNF2_P1P2_B,R2,(BC)GTTTAAGAGCTAAGCTGGAA,GCCGGCGCCGCCGCACAATA,CRISPR Guide Capture,Non-Targeting,Non-Targeting
RNF40_P1P2_A,RNF40_P1P2_A,R2,(BC)GTTTCAGAGCTAAGCACAAG,GGCTAGGCTGACCCTCCTGC,CRISPR Guide Capture,Non-Targeting,Non-Targeting
RNF40_P1P2_B,RNF40_P1P2_B,R2,(BC)GTTTAAGAGCTAAGCTGGAA,GGTGAGGGCTCTGGCGCCGG,CRISPR Guide Capture,Non-Targeting,Non-Targeting
RRM1_P1P2_A,RRM1_P1P2_A,R2,(BC)GTTTCAGAGCTAAGCACAAG,GCAGGATGACAAAGCCGAGG,CRISPR Guide Capture,Non-Targeting,Non-Targeting
RRM1_P1P2_B,RRM1_P1P2_B,R2,(BC)GTTTAAGAGCTAAGCTGGAA,GGCTGCTCAGGGGAAAGAAC,CRISPR Guide Capture,Non-Targeting,Non-Targeting
RRM2_P1P2_A,RRM2_P1P2_A,R2,(BC)GTTTCAGAGCTAAGCACAAG,GGGACAGGACGGCTGGGACA,CRISPR Guide Capture,Non-Targeting,Non-Targeting
RRM2_P1P2_B,RRM2_P1P2_B,R2,(BC)GTTTAAGAGCTAAGCTGGAA,GGCTGCTGCGGGTCCGTGAT,CRISPR Guide Capture,Non-Targeting,Non-Targeting
SAFB2_P1P2_A,SAFB2_P1P2_A,R2,(BC)GTTTCAGAGCTAAGCACAAG,GGGCCCGAGTCGCCCGACCC,CRISPR Guide Capture,Non-Targeting,Non-Targeting
SAFB2_P1P2_B,SAFB2_P1P2_B,R2,(BC)GTTTAAGAGCTAAGCTGGAA,GCGGCGGTGTGCGACTGAGT,CRISPR Guide Capture,Non-Targeting,Non-Targeting
SAFB_P1P2_A,SAFB_P1P2_A,R2,(BC)GTTTCAGAGCTAAGCACAAG,GCGCGCTGGGGCGACTGGAG,CRISPR Guide Capture,Non-Targeting,Non-Targeting
SAFB_P1P2_B,SAFB_P1P2_B,R2,(BC)GTTTAAGAGCTAAGCTGGAA,GGCTAGGAGCCTGATAAAAC,CRISPR Guide Capture,Non-Targeting,Non-Targeting
SALL4_P1P2_A,SALL4_P1P2_A,R2,(BC)GTTTCAGAGCTAAGCACAAG,GGTGGAACCAATTAAGTGAG,CRISPR Guide Capture,Non-Targeting,Non-Targeting
SALL4_P1P2_B,SALL4_P1P2_B,R2,(BC)GTTTAAGAGCTAAGCTGGAA,GACGTACGCGGGATCCTCGA,CRISPR Guide Capture,Non-Targeting,Non-Targeting
SBDS_P1P2_A,SBDS_P1P2_A,R2,(BC)GTTTCAGAGCTAAGCACAAG,GCCTGCCAGACACACTGTGA,CRISPR Guide Capture,Non-Targeting,Non-Targeting
SBDS_P1P2_B,SBDS_P1P2_B,R2,(BC)GTTTAAGAGCTAAGCTGGAA,GCAGGCTGGGGTGTTGGCCG,CRISPR Guide Capture,Non-Targeting,Non-Targeting
SCCPDH_P1P2_A,SCCPDH_P1P2_A,R2,(BC)GTTTCAGAGCTAAGCACAAG,GCCGGGGCGGGTGGAGTCCA,CRISPR Guide Capture,Non-Targeting,Non-Targeting
SCCPDH_P1P2_B,SCCPDH_P1P2_B,R2,(BC)GTTTAAGAGCTAAGCTGGAA,GGCTCGCTGTGGACTCGTCA,CRISPR Guide Capture,Non-Targeting,Non-Targeting
SDC1_P1P2_A,SDC1_P1P2_A,R2,(BC)GTTTCAGAGCTAAGCACAAG,GACGGTGAGCCCCGAGACCA,CRISPR Guide Capture,Non-Targeting,Non-Targeting
SDC1_P1P2_B,SDC1_P1P2_B,R2,(BC)GTTTAAGAGCTAAGCTGGAA,GAGCCGAGCGGAGAGGAATC,CRISPR Guide Capture,Non-Targeting,Non-Targeting
SEC62_P1P2_A,SEC62_P1P2_A,R2,(BC)GTTTCAGAGCTAAGCACAAG,GCTCCACGTCAGAGGGAACC,CRISPR Guide Capture,Non-Targeting,Non-Targeting
SEC62_P1P2_B,SEC62_P1P2_B,R2,(BC)GTTTAAGAGCTAAGCTGGAA,GGGTAGCAAAGCCGAGCTCT,CRISPR Guide Capture,Non-Targeting,Non-Targeting
SETDB1_P1P2_A,SETDB1_P1P2_A,R2,(BC)GTTTCAGAGCTAAGCACAAG,GAGGGGAGGAAGCGTGAAAG,CRISPR Guide Capture,Non-Targeting,Non-Targeting
SETDB1_P1P2_B,SETDB1_P1P2_B,R2,(BC)GTTTAAGAGCTAAGCTGGAA,GACCGTCGCGGTGACCGGAA,CRISPR Guide Capture,Non-Targeting,Non-Targeting
SET_P1P2_A,SET_P1P2_A,R2,(BC)GTTTCAGAGCTAAGCACAAG,GCTCTCACCTGAGGTCTCGT,CRISPR Guide Capture,Non-Targeting,Non-Targeting
SET_P1P2_B,SET_P1P2_B,R2,(BC)GTTTAAGAGCTAAGCTGGAA,GGTGAGAGCAGCGAGCCCGG,CRISPR Guide Capture,Non-Targeting,Non-Targeting
SH3BP4_P1P2_A,SH3BP4_P1P2_A,R2,(BC)GTTTCAGAGCTAAGCACAAG,GGGCTCCGCGGGACTCACGG,CRISPR Guide Capture,Non-Targeting,Non-Targeting
SH3BP4_P1P2_B,SH3BP4_P1P2_B,R2,(BC)GTTTAAGAGCTAAGCTGGAA,GCGCGGCTCCGCGGGACTCA,CRISPR Guide Capture,Non-Targeting,Non-Targeting
SHPRH_P1P2_A,SHPRH_P1P2_A,R2,(BC)GTTTCAGAGCTAAGCACAAG,GTCCGGGATCGGGAAGAGGT,CRISPR Guide Capture,Non-Targeting,Non-Targeting
SHPRH_P1P2_B,SHPRH_P1P2_B,R2,(BC)GTTTAAGAGCTAAGCTGGAA,GGAACGTGTAGGGGTCCCCC,CRISPR Guide Capture,Non-Targeting,Non-Targeting
SIN3B_P1P2_A,SIN3B_P1P2_A,R2,(BC)GTTTCAGAGCTAAGCACAAG,GACATGGCGCACGCTGGCGG,CRISPR Guide Capture,Non-Targeting,Non-Targeting
SIN3B_P1P2_B,SIN3B_P1P2_B,R2,(BC)GTTTAAGAGCTAAGCTGGAA,GCGCGGAACGAGGGGACGAG,CRISPR Guide Capture,Non-Targeting,Non-Targeting
SIX4_P1P2_A,SIX4_P1P2_A,R2,(BC)GTTTCAGAGCTAAGCACAAG,GGATGGAAAGCGCCTCGGAA,CRISPR Guide Capture,Non-Targeting,Non-Targeting
SIX4_P1P2_B,SIX4_P1P2_B,R2,(BC)GTTTAAGAGCTAAGCTGGAA,GTAGAGCAAAGTAGTGTAAA,CRISPR Guide Capture,Non-Targeting,Non-Targeting
SLC25A3_P1P2_A,SLC25A3_P1P2_A,R2,(BC)GTTTCAGAGCTAAGCACAAG,GTGAGCCGCAACCTTTCCAA,CRISPR Guide Capture,Non-Targeting,Non-Targeting
SLC25A3_P1P2_B,SLC25A3_P1P2_B,R2,(BC)GTTTAAGAGCTAAGCTGGAA,GCGCAACCTTTCCAAGGGAG,CRISPR Guide Capture,Non-Targeting,Non-Targeting
SLC39A6_P1P2_A,SLC39A6_P1P2_A,R2,(BC)GTTTCAGAGCTAAGCACAAG,GCCAGCTTCGCGAAGGCTAG,CRISPR Guide Capture,Non-Targeting,Non-Targeting
SLC39A6_P1P2_B,SLC39A6_P1P2_B,R2,(BC)GTTTAAGAGCTAAGCTGGAA,GTGGCTGCCCCTCGGTCCGG,CRISPR Guide Capture,Non-Targeting,Non-Targeting
SLC5A6_P1P2_A,SLC5A6_P1P2_A,R2,(BC)GTTTCAGAGCTAAGCACAAG,GTTTCCCGCTTCCCTCTACG,CRISPR Guide Capture,Non-Targeting,Non-Targeting
SLC5A6_P1P2_B,SLC5A6_P1P2_B,R2,(BC)GTTTAAGAGCTAAGCTGGAA,GCTGATAGCGCATAGCGTCC,CRISPR Guide Capture,Non-Targeting,Non-Targeting
SLIRP_P1P2_A,SLIRP_P1P2_A,R2,(BC)GTTTCAGAGCTAAGCACAAG,GCCGCGACCTCGGCTCGAGA,CRISPR Guide Capture,Non-Targeting,Non-Targeting
SLIRP_P1P2_B,SLIRP_P1P2_B,R2,(BC)GTTTAAGAGCTAAGCTGGAA,GTCAGCGTGGTGGCTGAATT,CRISPR Guide Capture,Non-Targeting,Non-Targeting
SMAGP_P1P2_A,SMAGP_P1P2_A,R2,(BC)GTTTCAGAGCTAAGCACAAG,GGCCGAACGAGGACCCCGAG,CRISPR Guide Capture,Non-Targeting,Non-Targeting
SMAGP_P1P2_B,SMAGP_P1P2_B,R2,(BC)GTTTAAGAGCTAAGCTGGAA,GGAACGAGGACCCCGAGCGG,CRISPR Guide Capture,Non-Targeting,Non-Targeting
SMARCA4_P1P2_A,SMARCA4_P1P2_A,R2,(BC)GTTTCAGAGCTAAGCACAAG,GGCAGCCGCTGTAATTGGGA,CRISPR Guide Capture,Non-Targeting,Non-Targeting
SMARCA4_P1P2_B,SMARCA4_P1P2_B,R2,(BC)GTTTAAGAGCTAAGCTGGAA,GGGAGGCGCCGGGAAGTCGA,CRISPR Guide Capture,Non-Targeting,Non-Targeting
SMARCA5_P1P2_A,SMARCA5_P1P2_A,R2,(BC)GTTTCAGAGCTAAGCACAAG,GGCCGTGAGGTAAGCGCCGG,CRISPR Guide Capture,Non-Targeting,Non-Targeting
SMARCA5_P1P2_B,SMARCA5_P1P2_B,R2,(BC)GTTTAAGAGCTAAGCTGGAA,GGTCGCCCTCACCTCCATCT,CRISPR Guide Capture,Non-Targeting,Non-Targeting
SMARCB1_P1_A,SMARCB1_P1_A,R2,(BC)GTTTCAGAGCTAAGCACAAG,GTGCGGACCGGGCCGGGTAC,CRISPR Guide Capture,Non-Targeting,Non-Targeting
SMARCB1_P1_B,SMARCB1_P1_B,R2,(BC)GTTTAAGAGCTAAGCTGGAA,GCGGCTGAGGCGCCAGTACC,CRISPR Guide Capture,Non-Targeting,Non-Targeting
SMARCB1_P2_A,SMARCB1_P2_A,R2,(BC)GTTTCAGAGCTAAGCACAAG,GGAGATACCCCTCACTCTGG,CRISPR Guide Capture,Non-Targeting,Non-Targeting
SMARCB1_P2_B,SMARCB1_P2_B,R2,(BC)GTTTAAGAGCTAAGCTGGAA,GAGAACCTCGGAACATACGG,CRISPR Guide Capture,Non-Targeting,Non-Targeting
SMARCE1_P1P2_A,SMARCE1_P1P2_A,R2,(BC)GTTTCAGAGCTAAGCACAAG,GCTTGGAAACACTCACCCGC,CRISPR Guide Capture,Non-Targeting,Non-Targeting
SMARCE1_P1P2_B,SMARCE1_P1P2_B,R2,(BC)GTTTAAGAGCTAAGCTGGAA,GGGCCTAGCAGAGCGAGGGT,CRISPR Guide Capture,Non-Targeting,Non-Targeting
SNCA_P1P2_A,SNCA_P1P2_A,R2,(BC)GTTTCAGAGCTAAGCACAAG,GAGAAGGGGCCCAAGAGAGG,CRISPR Guide Capture,Non-Targeting,Non-Targeting
SNCA_P1P2_B,SNCA_P1P2_B,R2,(BC)GTTTAAGAGCTAAGCTGGAA,GACCAGAAGGGGCCCAAGAG,CRISPR Guide Capture,Non-Targeting,Non-Targeting
SOX2_P1P2_A,SOX2_P1P2_A,R2,(BC)GTTTCAGAGCTAAGCACAAG,GACAGCCCCCGTCACATGGA,CRISPR Guide Capture,Non-Targeting,Non-Targeting
SOX2_P1P2_B,SOX2_P1P2_B,R2,(BC)GTTTAAGAGCTAAGCTGGAA,GCTCAGTCCTAGTCTTAAAG,CRISPR Guide Capture,Non-Targeting,Non-Targeting
SOX4_P1_A,SOX4_P1_A,R2,(BC)GTTTCAGAGCTAAGCACAAG,GGGCCGCGAGAAACTTGCAT,CRISPR Guide Capture,Non-Targeting,Non-Targeting
SOX4_P1_B,SOX4_P1_B,R2,(BC)GTTTAAGAGCTAAGCTGGAA,GGAGGCGCGAGGCGGAATTG,CRISPR Guide Capture,Non-Targeting,Non-Targeting
SOX4_P2_A,SOX4_P2_A,R2,(BC)GTTTCAGAGCTAAGCACAAG,GGCCCCCGTCTTGTAAAAAG,CRISPR Guide Capture,Non-Targeting,Non-Targeting
SOX4_P2_B,SOX4_P2_B,R2,(BC)GTTTAAGAGCTAAGCTGGAA,GGTGTAAACATGGAGAAATT,CRISPR Guide Capture,Non-Targeting,Non-Targeting
SRC_P1P2_A,SRC_P1P2_A,R2,(BC)GTTTCAGAGCTAAGCACAAG,GGGCAGACGGACGCACGGGA,CRISPR Guide Capture,Non-Targeting,Non-Targeting
SRC_P1P2_B,SRC_P1P2_B,R2,(BC)GTTTAAGAGCTAAGCTGGAA,GGCGGGACGTCCAGCGGGAC,CRISPR Guide Capture,Non-Targeting,Non-Targeting
SSBP1_P1P2_A,SSBP1_P1P2_A,R2,(BC)GTTTCAGAGCTAAGCACAAG,GGCTAGCCAGCCACACCATA,CRISPR Guide Capture,Non-Targeting,Non-Targeting
SSBP1_P1P2_B,SSBP1_P1P2_B,R2,(BC)GTTTAAGAGCTAAGCTGGAA,GCCAGCCACACCATAGGGAG,CRISPR Guide Capture,Non-Targeting,Non-Targeting
STAG2_P1_A,STAG2_P1_A,R2,(BC)GTTTCAGAGCTAAGCACAAG,GAGTCGGGCCTCGGAAGGGA,CRISPR Guide Capture,Non-Targeting,Non-Targeting
STAG2_P1_B,STAG2_P1_B,R2,(BC)GTTTAAGAGCTAAGCTGGAA,GCCGAAGTCGGGCCTCGGAA,CRISPR Guide Capture,Non-Targeting,Non-Targeting
STAG2_P2_A,STAG2_P2_A,R2,(BC)GTTTCAGAGCTAAGCACAAG,GGTCCCTGAGTAGAATTCGA,CRISPR Guide Capture,Non-Targeting,Non-Targeting
STAG2_P2_B,STAG2_P2_B,R2,(BC)GTTTAAGAGCTAAGCTGGAA,GTCAGGGACGGAAGCTCCCG,CRISPR Guide Capture,Non-Targeting,Non-Targeting
STAT1_P1P2_A,STAT1_P1P2_A,R2,(BC)GTTTCAGAGCTAAGCACAAG,GCTGCCAGGCGCGATCCCCC,CRISPR Guide Capture,Non-Targeting,Non-Targeting
STAT1_P1P2_B,STAT1_P1P2_B,R2,(BC)GTTTAAGAGCTAAGCTGGAA,GCTGCGCAGAGTCTGCGGAG,CRISPR Guide Capture,Non-Targeting,Non-Targeting
STAT6_P1P2_A,STAT6_P1P2_A,R2,(BC)GTTTCAGAGCTAAGCACAAG,GCTGCTTACACTGAAGAGGG,CRISPR Guide Capture,Non-Targeting,Non-Targeting
STAT6_P1P2_B,STAT6_P1P2_B,R2,(BC)GTTTAAGAGCTAAGCTGGAA,GCGGAGGCAACCCCTCACCT,CRISPR Guide Capture,Non-Targeting,Non-Targeting
STRAP_P1P2_A,STRAP_P1P2_A,R2,(BC)GTTTCAGAGCTAAGCACAAG,GTGGGGAGAAGCGGAGAACC,CRISPR Guide Capture,Non-Targeting,Non-Targeting
STRAP_P1P2_B,STRAP_P1P2_B,R2,(BC)GTTTAAGAGCTAAGCTGGAA,GGAAAAGAAGGGCAATCCGG,CRISPR Guide Capture,Non-Targeting,Non-Targeting
STUB1_P1P2_A,STUB1_P1P2_A,R2,(BC)GTTTCAGAGCTAAGCACAAG,GCCGGGCCCGAGCGGATCGC,CRISPR Guide Capture,Non-Targeting,Non-Targeting
STUB1_P1P2_B,STUB1_P1P2_B,R2,(BC)GTTTAAGAGCTAAGCTGGAA,GGCCGGGTGCCGGAGAACGA,CRISPR Guide Capture,Non-Targeting,Non-Targeting
STX4_P1P2_A,STX4_P1P2_A,R2,(BC)GTTTCAGAGCTAAGCACAAG,GCCCCCAAGGTTCCACAGGT,CRISPR Guide Capture,Non-Targeting,Non-Targeting
STX4_P1P2_B,STX4_P1P2_B,R2,(BC)GTTTAAGAGCTAAGCTGGAA,GCGACCCCGGGGACCCCCCA,CRISPR Guide Capture,Non-Targeting,Non-Targeting
STXBP1_P1P2_A,STXBP1_P1P2_A,R2,(BC)GTTTCAGAGCTAAGCACAAG,GCCAGCGCGCCCACCTGAGG,CRISPR Guide Capture,Non-Targeting,Non-Targeting
STXBP1_P1P2_B,STXBP1_P1P2_B,R2,(BC)GTTTAAGAGCTAAGCTGGAA,GCCGCCCCGCAGCCGCGCTA,CRISPR Guide Capture,Non-Targeting,Non-Targeting
SUPT4H1_P1P2_A,SUPT4H1_P1P2_A,R2,(BC)GTTTCAGAGCTAAGCACAAG,GCGCCGATGGGAAGAACAAC,CRISPR Guide Capture,Non-Targeting,Non-Targeting
SUPT4H1_P1P2_B,SUPT4H1_P1P2_B,R2,(BC)GTTTAAGAGCTAAGCTGGAA,GGCAGATGCCGCAGGTCCTT,CRISPR Guide Capture,Non-Targeting,Non-Targeting
SUPV3L1_P1P2_A,SUPV3L1_P1P2_A,R2,(BC)GTTTCAGAGCTAAGCACAAG,GGCACGGGAGAAGGACATCG,CRISPR Guide Capture,Non-Targeting,Non-Targeting
SUPV3L1_P1P2_B,SUPV3L1_P1P2_B,R2,(BC)GTTTAAGAGCTAAGCTGGAA,GCCGCAGGTTCTACACTGTC,CRISPR Guide Capture,Non-Targeting,Non-Targeting
SV2A_P1P2_A,SV2A_P1P2_A,R2,(BC)GTTTCAGAGCTAAGCACAAG,GGGTGACGATCCCCTCTCTA,CRISPR Guide Capture,Non-Targeting,Non-Targeting
SV2A_P1P2_B,SV2A_P1P2_B,R2,(BC)GTTTAAGAGCTAAGCTGGAA,GCACCTGGTCTAGGTTCCCC,CRISPR Guide Capture,Non-Targeting,Non-Targeting
TADA1_P1P2_A,TADA1_P1P2_A,R2,(BC)GTTTCAGAGCTAAGCACAAG,GCCCTCTGGCTGGACGCGTA,CRISPR Guide Capture,Non-Targeting,Non-Targeting
TADA1_P1P2_B,TADA1_P1P2_B,R2,(BC)GTTTAAGAGCTAAGCTGGAA,GGGCCGGGCGGTCTGCGGTC,CRISPR Guide Capture,Non-Targeting,Non-Targeting
TAF11_P1P2_A,TAF11_P1P2_A,R2,(BC)GTTTCAGAGCTAAGCACAAG,GGAGATCGCGGAGATGCCTG,CRISPR Guide Capture,Non-Targeting,Non-Targeting
TAF11_P1P2_B,TAF11_P1P2_B,R2,(BC)GTTTAAGAGCTAAGCTGGAA,GCATCACGGATAGGATTGGA,CRISPR Guide Capture,Non-Targeting,Non-Targeting
TAF13_P1P2_A,TAF13_P1P2_A,R2,(BC)GTTTCAGAGCTAAGCACAAG,GAGTTGGCGTGCTAGTGGGA,CRISPR Guide Capture,Non-Targeting,Non-Targeting
TAF13_P1P2_B,TAF13_P1P2_B,R2,(BC)GTTTAAGAGCTAAGCTGGAA,GCCGGCAGGACGCTGTGAGT,CRISPR Guide Capture,Non-Targeting,Non-Targeting
TARBP2_P1P2_A,TARBP2_P1P2_A,R2,(BC)GTTTCAGAGCTAAGCACAAG,GCGCGTGGAGGCTGCAGTCA,CRISPR Guide Capture,Non-Targeting,Non-Targeting
TARBP2_P1P2_B,TARBP2_P1P2_B,R2,(BC)GTTTAAGAGCTAAGCTGGAA,GTTGTTCCCGGCAAGCACTG,CRISPR Guide Capture,Non-Targeting,Non-Targeting
TAZ_P1P2_A,TAZ_P1P2_A,R2,(BC)GTTTCAGAGCTAAGCACAAG,GGTCGAGGTCGCAGACCTAG,CRISPR Guide Capture,Non-Targeting,Non-Targeting
TAZ_P1P2_B,TAZ_P1P2_B,R2,(BC)GTTTAAGAGCTAAGCTGGAA,GCTGCGGAACGGGAGGAAAC,CRISPR Guide Capture,Non-Targeting,Non-Targeting
TCF3_P1P2_A,TCF3_P1P2_A,R2,(BC)GTTTCAGAGCTAAGCACAAG,GCTCCCGCCGCAGGAAGATG,CRISPR Guide Capture,Non-Targeting,Non-Targeting
TCF3_P1P2_B,TCF3_P1P2_B,R2,(BC)GTTTAAGAGCTAAGCTGGAA,GCAGGAAGATGAGGCAGCGG,CRISPR Guide Capture,Non-Targeting,Non-Targeting
TCF7L2_P1P2_A,TCF7L2_P1P2_A,R2,(BC)GTTTCAGAGCTAAGCACAAG,GGGATCGAAATCCGGAGGAA,CRISPR Guide Capture,Non-Targeting,Non-Targeting
TCF7L2_P1P2_B,TCF7L2_P1P2_B,R2,(BC)GTTTAAGAGCTAAGCTGGAA,GGGAGCGGAGATTATTGACA,CRISPR Guide Capture,Non-Targeting,Non-Targeting
TET1_P1P2_A,TET1_P1P2_A,R2,(BC)GTTTCAGAGCTAAGCACAAG,GTCTCCCGCTGCCTCAGGGG,CRISPR Guide Capture,Non-Targeting,Non-Targeting
TET1_P1P2_B,TET1_P1P2_B,R2,(BC)GTTTAAGAGCTAAGCTGGAA,GGCTCGGCGCGGGCTGGATG,CRISPR Guide Capture,Non-Targeting,Non-Targeting
TFAM_P1P2_A,TFAM_P1P2_A,R2,(BC)GTTTCAGAGCTAAGCACAAG,GGAACCCGCGTGCGACCCTC,CRISPR Guide Capture,Non-Targeting,Non-Targeting
TFAM_P1P2_B,TFAM_P1P2_B,R2,(BC)GTTTAAGAGCTAAGCTGGAA,GACGCCGGAGGGTCGCACGC,CRISPR Guide Capture,Non-Targeting,Non-Targeting
TGFBR2_P1P2_A,TGFBR2_P1P2_A,R2,(BC)GTTTCAGAGCTAAGCACAAG,GGGAGAGGGAGAAGGCTCTC,CRISPR Guide Capture,Non-Targeting,Non-Targeting
TGFBR2_P1P2_B,TGFBR2_P1P2_B,R2,(BC)GTTTAAGAGCTAAGCTGGAA,GGTCCGGCTCCTGTCCCGAG,CRISPR Guide Capture,Non-Targeting,Non-Targeting
THAP11_P1P2_A,THAP11_P1P2_A,R2,(BC)GTTTCAGAGCTAAGCACAAG,GCCCGCCTGCGCTCGGGAGT,CRISPR Guide Capture,Non-Targeting,Non-Targeting
THAP11_P1P2_B,THAP11_P1P2_B,R2,(BC)GTTTAAGAGCTAAGCTGGAA,GCGGTCCTTCGCGGCGTCCC,CRISPR Guide Capture,Non-Targeting,Non-Targeting
THY1_P1P2_A,THY1_P1P2_A,R2,(BC)GTTTCAGAGCTAAGCACAAG,GGGAAGACCCCAGTCCAGGT,CRISPR Guide Capture,Non-Targeting,Non-Targeting
THY1_P1P2_B,THY1_P1P2_B,R2,(BC)GTTTAAGAGCTAAGCTGGAA,GAGCTGGGTGCAGCAACCGG,CRISPR Guide Capture,Non-Targeting,Non-Targeting
TMBIM6_P1P2_A,TMBIM6_P1P2_A,R2,(BC)GTTTCAGAGCTAAGCACAAG,GTTGGAGAGGCGGGTTAGGA,CRISPR Guide Capture,Non-Targeting,Non-Targeting
TMBIM6_P1P2_B,TMBIM6_P1P2_B,R2,(BC)GTTTAAGAGCTAAGCTGGAA,GGGCCTTGGAGAGGCGGGTT,CRISPR Guide Capture,Non-Targeting,Non-Targeting
TMSB10_P1P2_A,TMSB10_P1P2_A,R2,(BC)GTTTCAGAGCTAAGCACAAG,GGCCCTGGGACCGAGAAGAG,CRISPR Guide Capture,Non-Targeting,Non-Targeting
TMSB10_P1P2_B,TMSB10_P1P2_B,R2,(BC)GTTTAAGAGCTAAGCTGGAA,GGCTGGGGCGCGGGAGACCG,CRISPR Guide Capture,Non-Targeting,Non-Targeting
TMSB4X_P2_A,TMSB4X_P2_A,R2,(BC)GTTTCAGAGCTAAGCACAAG,GCACCCGCCCCGCTGTCTCT,CRISPR Guide Capture,Non-Targeting,Non-Targeting
TMSB4X_P2_B,TMSB4X_P2_B,R2,(BC)GTTTAAGAGCTAAGCTGGAA,GTCCCAGCCCAGAGACAGCG,CRISPR Guide Capture,Non-Targeting,Non-Targeting
TMSB4X_P1_A,TMSB4X_P1_A,R2,(BC)GTTTCAGAGCTAAGCACAAG,GACCCCGCCCGACAACTCGG,CRISPR Guide Capture,Non-Targeting,Non-Targeting
TMSB4X_P1_B,TMSB4X_P1_B,R2,(BC)GTTTAAGAGCTAAGCTGGAA,GGTACTCGTGCGCCTCGCTT,CRISPR Guide Capture,Non-Targeting,Non-Targeting
TNFRSF12A_P1P2_A,TNFRSF12A_P1P2_A,R2,(BC)GTTTCAGAGCTAAGCACAAG,GGGGCGCAGGACGTGCACTA,CRISPR Guide Capture,Non-Targeting,Non-Targeting
TNFRSF12A_P1P2_B,TNFRSF12A_P1P2_B,R2,(BC)GTTTAAGAGCTAAGCTGGAA,GGGACGTGCACTATGGCTCG,CRISPR Guide Capture,Non-Targeting,Non-Targeting
TOR1A_P1P2_A,TOR1A_P1P2_A,R2,(BC)GTTTCAGAGCTAAGCACAAG,GGGCGCGAGAACAAGCAGGG,CRISPR Guide Capture,Non-Targeting,Non-Targeting
TOR1A_P1P2_B,TOR1A_P1P2_B,R2,(BC)GTTTAAGAGCTAAGCTGGAA,GGTCGGCGCGAGAACAAGCA,CRISPR Guide Capture,Non-Targeting,Non-Targeting
TRAFD1_P1P2_A,TRAFD1_P1P2_A,R2,(BC)GTTTCAGAGCTAAGCACAAG,GACACCTCACCAGGGACGAG,CRISPR Guide Capture,Non-Targeting,Non-Targeting
TRAFD1_P1P2_B,TRAFD1_P1P2_B,R2,(BC)GTTTAAGAGCTAAGCTGGAA,GCCGCCGCTACACCTCACCA,CRISPR Guide Capture,Non-Targeting,Non-Targeting
TRAM2_P1P2_A,TRAM2_P1P2_A,R2,(BC)GTTTCAGAGCTAAGCACAAG,GTGTTCGAGGTGAGAGCCTG,CRISPR Guide Capture,Non-Targeting,Non-Targeting
TRAM2_P1P2_B,TRAM2_P1P2_B,R2,(BC)GTTTAAGAGCTAAGCTGGAA,GCGGGCCCTCCTCTGATCGG,CRISPR Guide Capture,Non-Targeting,Non-Targeting
TRAPPC6A_P1P2_A,TRAPPC6A_P1P2_A,R2,(BC)GTTTCAGAGCTAAGCACAAG,GCTTTAGGCGTGCGAGGAGG,CRISPR Guide Capture,Non-Targeting,Non-Targeting
TRAPPC6A_P1P2_B,TRAPPC6A_P1P2_B,R2,(BC)GTTTAAGAGCTAAGCTGGAA,GTTTCTTCACACGGAGATGG,CRISPR Guide Capture,Non-Targeting,Non-Targeting
TSC22D4_P1P2_A,TSC22D4_P1P2_A,R2,(BC)GTTTCAGAGCTAAGCACAAG,GGGAGCAGTCAGCAGGCCCG,CRISPR Guide Capture,Non-Targeting,Non-Targeting
TSC22D4_P1P2_B,TSC22D4_P1P2_B,R2,(BC)GTTTAAGAGCTAAGCTGGAA,GGAGCCGAGGAGCGGAGACA,CRISPR Guide Capture,Non-Targeting,Non-Targeting
TSFM_P1P2_A,TSFM_P1P2_A,R2,(BC)GTTTCAGAGCTAAGCACAAG,GGCGCGGACCGGGAGCTACC,CRISPR Guide Capture,Non-Targeting,Non-Targeting
TSFM_P1P2_B,TSFM_P1P2_B,R2,(BC)GTTTAAGAGCTAAGCTGGAA,GAGCCGCGATAAACACCCTC,CRISPR Guide Capture,Non-Targeting,Non-Targeting
TSKU_P1P2_A,TSKU_P1P2_A,R2,(BC)GTTTCAGAGCTAAGCACAAG,GCGCCTCGGCACGCTCACCC,CRISPR Guide Capture,Non-Targeting,Non-Targeting
TSKU_P1P2_B,TSKU_P1P2_B,R2,(BC)GTTTAAGAGCTAAGCTGGAA,GCGCCGGGGTGAGCGTGCCG,CRISPR Guide Capture,Non-Targeting,Non-Targeting
TUSC3_P1P2_A,TUSC3_P1P2_A,R2,(BC)GTTTCAGAGCTAAGCACAAG,GGGAAGGGAAAGCTCCCGGT,CRISPR Guide Capture,Non-Targeting,Non-Targeting
TUSC3_P1P2_B,TUSC3_P1P2_B,R2,(BC)GTTTAAGAGCTAAGCTGGAA,GAAGCCGCTGCCATCCCGGA,CRISPR Guide Capture,Non-Targeting,Non-Targeting
TWF2_P1P2_A,TWF2_P1P2_A,R2,(BC)GTTTCAGAGCTAAGCACAAG,GACGCTCGCTGGACCAAGAG,CRISPR Guide Capture,Non-Targeting,Non-Targeting
TWF2_P1P2_B,TWF2_P1P2_B,R2,(BC)GTTTAAGAGCTAAGCTGGAA,GCTCGCTGGACCAAGAGAGG,CRISPR Guide Capture,Non-Targeting,Non-Targeting
TXNDC9_P1P2_A,TXNDC9_P1P2_A,R2,(BC)GTTTCAGAGCTAAGCACAAG,GTGCAAGGCAAAAGCCGGAG,CRISPR Guide Capture,Non-Targeting,Non-Targeting
TXNDC9_P1P2_B,TXNDC9_P1P2_B,R2,(BC)GTTTAAGAGCTAAGCTGGAA,GGCTACTGCAAGGCAAAAGC,CRISPR Guide Capture,Non-Targeting,Non-Targeting
UBE3C_P1P2_A,UBE3C_P1P2_A,R2,(BC)GTTTCAGAGCTAAGCACAAG,GGCAGGAGGCCGGTGAACCC,CRISPR Guide Capture,Non-Targeting,Non-Targeting
UBE3C_P1P2_B,UBE3C_P1P2_B,R2,(BC)GTTTAAGAGCTAAGCTGGAA,GGCCATCTTCCCTCCCGAGG,CRISPR Guide Capture,Non-Targeting,Non-Targeting
UGDH_P1P2_A,UGDH_P1P2_A,R2,(BC)GTTTCAGAGCTAAGCACAAG,GCGCGTGGCAGCCTGAGGGA,CRISPR Guide Capture,Non-Targeting,Non-Targeting
UGDH_P1P2_B,UGDH_P1P2_B,R2,(BC)GTTTAAGAGCTAAGCTGGAA,GCTCGATCTGAGCTCCCTCT,CRISPR Guide Capture,Non-Targeting,Non-Targeting
UGP2_P1P2_A,UGP2_P1P2_A,R2,(BC)GTTTCAGAGCTAAGCACAAG,GACCGGCGCGGGAGTCCCAA,CRISPR Guide Capture,Non-Targeting,Non-Targeting
UGP2_P1P2_B,UGP2_P1P2_B,R2,(BC)GTTTAAGAGCTAAGCTGGAA,GGCGGACACTAAGGGGTCAC,CRISPR Guide Capture,Non-Targeting,Non-Targeting
UQCRB_P1P2_A,UQCRB_P1P2_A,R2,(BC)GTTTCAGAGCTAAGCACAAG,GGGCTTGCCTGTATAGGGTT,CRISPR Guide Capture,Non-Targeting,Non-Targeting
UQCRB_P1P2_B,UQCRB_P1P2_B,R2,(BC)GTTTAAGAGCTAAGCTGGAA,GGCAGGCCGGTAAGTAACTG,CRISPR Guide Capture,Non-Targeting,Non-Targeting
UQCRQ_P1P2_A,UQCRQ_P1P2_A,R2,(BC)GTTTCAGAGCTAAGCACAAG,GACCGGATCGGTGACTGTGG,CRISPR Guide Capture,Non-Targeting,Non-Targeting
UQCRQ_P1P2_B,UQCRQ_P1P2_B,R2,(BC)GTTTAAGAGCTAAGCTGGAA,GAACTCGCGGCCCATTGTGG,CRISPR Guide Capture,Non-Targeting,Non-Targeting
USF2_P1P2_A,USF2_P1P2_A,R2,(BC)GTTTCAGAGCTAAGCACAAG,GGCCCCTGGCAGCCACGACA,CRISPR Guide Capture,Non-Targeting,Non-Targeting
USF2_P1P2_B,USF2_P1P2_B,R2,(BC)GTTTAAGAGCTAAGCTGGAA,GCACGACAAGGGACCCGAGG,CRISPR Guide Capture,Non-Targeting,Non-Targeting
USP22_P1P2_A,USP22_P1P2_A,R2,(BC)GTTTCAGAGCTAAGCACAAG,GGGGCGCCGAGAACAAAGCG,CRISPR Guide Capture,Non-Targeting,Non-Targeting
USP22_P1P2_B,USP22_P1P2_B,R2,(BC)GTTTAAGAGCTAAGCTGGAA,GCGGAGGCCGGACAAAGATG,CRISPR Guide Capture,Non-Targeting,Non-Targeting
VCL_P1P2_A,VCL_P1P2_A,R2,(BC)GTTTCAGAGCTAAGCACAAG,GCCGCGGGCGACAGAGAAGT,CRISPR Guide Capture,Non-Targeting,Non-Targeting
VCL_P1P2_B,VCL_P1P2_B,R2,(BC)GTTTAAGAGCTAAGCTGGAA,GGACAGAGAAGTAGGATCCA,CRISPR Guide Capture,Non-Targeting,Non-Targeting
WAC_P1P2_A,WAC_P1P2_A,R2,(BC)GTTTCAGAGCTAAGCACAAG,GGGCAGCGGCGCCAACTACA,CRISPR Guide Capture,Non-Targeting,Non-Targeting
WAC_P1P2_B,WAC_P1P2_B,R2,(BC)GTTTAAGAGCTAAGCTGGAA,GAGCGGCGCCAACTACACGG,CRISPR Guide Capture,Non-Targeting,Non-Targeting
WFS1_P1P2_A,WFS1_P1P2_A,R2,(BC)GTTTCAGAGCTAAGCACAAG,GGGCGCAAACGGGAGATCTG,CRISPR Guide Capture,Non-Targeting,Non-Targeting
WFS1_P1P2_B,WFS1_P1P2_B,R2,(BC)GTTTAAGAGCTAAGCTGGAA,GCGCGGCCTTCTGCACGAGG,CRISPR Guide Capture,Non-Targeting,Non-Targeting
WSB2_P1P2_A,WSB2_P1P2_A,R2,(BC)GTTTCAGAGCTAAGCACAAG,GTCGCCGGCGGGAGTCAGGG,CRISPR Guide Capture,Non-Targeting,Non-Targeting
WSB2_P1P2_B,WSB2_P1P2_B,R2,(BC)GTTTAAGAGCTAAGCTGGAA,GCTGGCACCTGGGTACCCAG,CRISPR Guide Capture,Non-Targeting,Non-Targeting
XRCC4_P1P2_A,XRCC4_P1P2_A,R2,(BC)GTTTCAGAGCTAAGCACAAG,GCGGAAGTAGAGTCACGGAG,CRISPR Guide Capture,Non-Targeting,Non-Targeting
XRCC4_P1P2_B,XRCC4_P1P2_B,R2,(BC)GTTTAAGAGCTAAGCTGGAA,GGAGGTAGGATCCGGAAGTG,CRISPR Guide Capture,Non-Targeting,Non-Targeting
ZBTB39_P1P2_A,ZBTB39_P1P2_A,R2,(BC)GTTTCAGAGCTAAGCACAAG,GAACAGCGCGGGGCTCACCC,CRISPR Guide Capture,Non-Targeting,Non-Targeting
ZBTB39_P1P2_B,ZBTB39_P1P2_B,R2,(BC)GTTTAAGAGCTAAGCTGGAA,GGACTCCGGAGGGGAGACCG,CRISPR Guide Capture,Non-Targeting,Non-Targeting
ZFP62_P1P2_A,ZFP62_P1P2_A,R2,(BC)GTTTCAGAGCTAAGCACAAG,GACTCACGTACTGGCTGTGG,CRISPR Guide Capture,Non-Targeting,Non-Targeting
ZFP62_P1P2_B,ZFP62_P1P2_B,R2,(BC)GTTTAAGAGCTAAGCTGGAA,GAGTGCCCCAGGGCCGGCGC,CRISPR Guide Capture,Non-Targeting,Non-Targeting
ZNF107_P1P2_A,ZNF107_P1P2_A,R2,(BC)GTTTCAGAGCTAAGCACAAG,GAGCCACAGCCACTTCCGAT,CRISPR Guide Capture,Non-Targeting,Non-Targeting
ZNF107_P1P2_B,ZNF107_P1P2_B,R2,(BC)GTTTAAGAGCTAAGCTGGAA,GCTCGGGCCTCCAAAGTCCG,CRISPR Guide Capture,Non-Targeting,Non-Targeting
ZNF286A_P1P2_A,ZNF286A_P1P2_A,R2,(BC)GTTTCAGAGCTAAGCACAAG,GGATTCTCCCAGCCGCACCA,CRISPR Guide Capture,Non-Targeting,Non-Targeting
ZNF286A_P1P2_B,ZNF286A_P1P2_B,R2,(BC)GTTTAAGAGCTAAGCTGGAA,GGTAGTTCCGGGCGGGATGA,CRISPR Guide Capture,Non-Targeting,Non-Targeting
ZNF32_P1P2_A,ZNF32_P1P2_A,R2,(BC)GTTTCAGAGCTAAGCACAAG,GGGCGCGTGCCCGCAGACAA,CRISPR Guide Capture,Non-Targeting,Non-Targeting
ZNF32_P1P2_B,ZNF32_P1P2_B,R2,(BC)GTTTAAGAGCTAAGCTGGAA,GCGTGCCCGCAGACAAAGGC,CRISPR Guide Capture,Non-Targeting,Non-Targeting
ZNF426_P1P2_A,ZNF426_P1P2_A,R2,(BC)GTTTCAGAGCTAAGCACAAG,GTTCAGAGTTAAGGCCTCAC,CRISPR Guide Capture,Non-Targeting,Non-Targeting
ZNF426_P1P2_B,ZNF426_P1P2_B,R2,(BC)GTTTAAGAGCTAAGCTGGAA,GCTGGCCTGGGTGAGTTCCG,CRISPR Guide Capture,Non-Targeting,Non-Targeting
ZNF562_P1P2_A,ZNF562_P1P2_A,R2,(BC)GTTTCAGAGCTAAGCACAAG,GCACCACAATAAAGGTTAAA,CRISPR Guide Capture,Non-Targeting,Non-Targeting
ZNF562_P1P2_B,ZNF562_P1P2_B,R2,(BC)GTTTAAGAGCTAAGCTGGAA,GGCCTCTGGCCAGTTCCGAG,CRISPR Guide Capture,Non-Targeting,Non-Targeting
ZNF581_P1_A,ZNF581_P1_A,R2,(BC)GTTTCAGAGCTAAGCACAAG,GGGTGTGCCCCAGGAACTGG,CRISPR Guide Capture,Non-Targeting,Non-Targeting
ZNF581_P1_B,ZNF581_P1_B,R2,(BC)GTTTAAGAGCTAAGCTGGAA,GCGGCGAGAAGGGGACCTCT,CRISPR Guide Capture,Non-Targeting,Non-Targeting
ZNF581_P2_A,ZNF581_P2_A,R2,(BC)GTTTCAGAGCTAAGCACAAG,GGCGTAGGGATAGGGAGACC,CRISPR Guide Capture,Non-Targeting,Non-Targeting
ZNF581_P2_B,ZNF581_P2_B,R2,(BC)GTTTAAGAGCTAAGCTGGAA,GGAGGGGCTACGGTGACCAG,CRISPR Guide Capture,Non-Targeting,Non-Targeting
ZNF593_P1P2_A,ZNF593_P1P2_A,R2,(BC)GTTTCAGAGCTAAGCACAAG,GGGATCCGGGTCTGAGAAAC,CRISPR Guide Capture,Non-Targeting,Non-Targeting
ZNF593_P1P2_B,ZNF593_P1P2_B,R2,(BC)GTTTAAGAGCTAAGCTGGAA,GTACGTCAGGCCACGCCGGG,CRISPR Guide Capture,Non-Targeting,Non-Targeting
ZNF598_P1P2_A,ZNF598_P1P2_A,R2,(BC)GTTTCAGAGCTAAGCACAAG,GGCCGGATCCCGGACCATGG,CRISPR Guide Capture,Non-Targeting,Non-Targeting
ZNF598_P1P2_B,ZNF598_P1P2_B,R2,(BC)GTTTAAGAGCTAAGCTGGAA,GCCACGACCGGCCGAGAGGG,CRISPR Guide Capture,Non-Targeting,Non-Targeting
ZNF664_P1P2_A,ZNF664_P1P2_A,R2,(BC)GTTTCAGAGCTAAGCACAAG,GGCTCGGAGGCGCACCTGTG,CRISPR Guide Capture,Non-Targeting,Non-Targeting
ZNF664_P1P2_B,ZNF664_P1P2_B,R2,(BC)GTTTAAGAGCTAAGCTGGAA,GCTGTCCCCCGGAGGCGTCT,CRISPR Guide Capture,Non-Targeting,Non-Targeting
ZNF714_P1P2_A,ZNF714_P1P2_A,R2,(BC)GTTTCAGAGCTAAGCACAAG,GCTCTGCGAGCAGAGGACAC,CRISPR Guide Capture,Non-Targeting,Non-Targeting
ZNF714_P1P2_B,ZNF714_P1P2_B,R2,(BC)GTTTAAGAGCTAAGCTGGAA,GCTGACCTGGAGTCCTCTCA,CRISPR Guide Capture,Non-Targeting,Non-Targeting
ZNF850_P1P2_A,ZNF850_P1P2_A,R2,(BC)GTTTCAGAGCTAAGCACAAG,GTCAGGACTCCAAGGCGCGG,CRISPR Guide Capture,Non-Targeting,Non-Targeting
ZNF850_P1P2_B,ZNF850_P1P2_B,R2,(BC)GTTTAAGAGCTAAGCTGGAA,GGGCGCGGCGGCAGCTAAAT,CRISPR Guide Capture,Non-Targeting,Non-Targeting
ZNF92_P1P2_A,ZNF92_P1P2_A,R2,(BC)GTTTCAGAGCTAAGCACAAG,GGCAGGTAACAGGGTCACAG,CRISPR Guide Capture,Non-Targeting,Non-Targeting
ZNF92_P1P2_B,ZNF92_P1P2_B,R2,(BC)GTTTAAGAGCTAAGCTGGAA,GGAGCAGTGAAGACTAGACG,CRISPR Guide Capture,Non-Targeting,Non-Targeting
ZRSR2_P1P2_A,ZRSR2_P1P2_A,R2,(BC)GTTTCAGAGCTAAGCACAAG,GGCCTGCTCATCTCCCCGTA,CRISPR Guide Capture,Non-Targeting,Non-Targeting
ZRSR2_P1P2_B,ZRSR2_P1P2_B,R2,(BC)GTTTAAGAGCTAAGCTGGAA,GGCCCGTGCAAGTCCGGGGA,CRISPR Guide Capture,Non-Targeting,Non-Targeting
non-targeting_00005,non-targeting_00005,R2,(BC)GTTTCAGAGCTAAGCACAAG,GGAGGACGATCGTACTCCAG,CRISPR Guide Capture,Non-Targeting,Non-Targeting
non-targeting_01689,non-targeting_01689,R2,(BC)GTTTAAGAGCTAAGCTGGAA,GCGCTAGGGACTCCGGTGGG,CRISPR Guide Capture,Non-Targeting,Non-Targeting
non-targeting_00006,non-targeting_00006,R2,(BC)GTTTCAGAGCTAAGCACAAG,GTATGGAGGGCTGGATCTGC,CRISPR Guide Capture,Non-Targeting,Non-Targeting
non-targeting_00706,non-targeting_00706,R2,(BC)GTTTAAGAGCTAAGCTGGAA,GGAACCGCGGCATCTGCCGG,CRISPR Guide Capture,Non-Targeting,Non-Targeting
non-targeting_00010,non-targeting_00010,R2,(BC)GTTTCAGAGCTAAGCACAAG,GTATCGGTCTGTACGGGTAG,CRISPR Guide Capture,Non-Targeting,Non-Targeting
non-targeting_02551,non-targeting_02551,R2,(BC)GTTTAAGAGCTAAGCTGGAA,GCGCCACACACCGCCGTGAA,CRISPR Guide Capture,Non-Targeting,Non-Targeting
non-targeting_00013,non-targeting_00013,R2,(BC)GTTTCAGAGCTAAGCACAAG,GAGAGGTCGGATACGCTTCC,CRISPR Guide Capture,Non-Targeting,Non-Targeting
non-targeting_01297,non-targeting_01297,R2,(BC)GTTTAAGAGCTAAGCTGGAA,GCTGAAGCCCGGCGTTTCTT,CRISPR Guide Capture,Non-Targeting,Non-Targeting
non-targeting_00018,non-targeting_00018,R2,(BC)GTTTCAGAGCTAAGCACAAG,GGTCGCCGTAGGGTCCGCCA,CRISPR Guide Capture,Non-Targeting,Non-Targeting
non-targeting_00127,non-targeting_00127,R2,(BC)GTTTAAGAGCTAAGCTGGAA,GGGCTAATCCCGGTGAAAAA,CRISPR Guide Capture,Non-Targeting,Non-Targeting
non-targeting_00020,non-targeting_00020,R2,(BC)GTTTCAGAGCTAAGCACAAG,GAGCCTAACGATCGGACCGA,CRISPR Guide Capture,Non-Targeting,Non-Targeting
non-targeting_01323,non-targeting_01323,R2,(BC)GTTTAAGAGCTAAGCTGGAA,GTGGGCGGCACTGCGTTAGG,CRISPR Guide Capture,Non-Targeting,Non-Targeting
non-targeting_00021,non-targeting_00021,R2,(BC)GTTTCAGAGCTAAGCACAAG,GCCGCTCCATCAGACTTTCT,CRISPR Guide Capture,Non-Targeting,Non-Targeting
non-targeting_03430,non-targeting_03430,R2,(BC)GTTTAAGAGCTAAGCTGGAA,GTATGGGCGCCAAGTCGAGG,CRISPR Guide Capture,Non-Targeting,Non-Targeting
non-targeting_00022,non-targeting_00022,R2,(BC)GTTTCAGAGCTAAGCACAAG,GCTACGCCCGGGGGAAAAGA,CRISPR Guide Capture,Non-Targeting,Non-Targeting
non-targeting_02334,non-targeting_02334,R2,(BC)GTTTAAGAGCTAAGCTGGAA,GAAGGCTGAAGCGTCTGCCT,CRISPR Guide Capture,Non-Targeting,Non-Targeting
non-targeting_00024,non-targeting_00024,R2,(BC)GTTTCAGAGCTAAGCACAAG,GTACTCCCCGAATGCAGCGG,CRISPR Guide Capture,Non-Targeting,Non-Targeting
non-targeting_03061,non-targeting_03061,R2,(BC)GTTTAAGAGCTAAGCTGGAA,GCGCCTACAACAAAGAGCTC,CRISPR Guide Capture,Non-Targeting,Non-Targeting
non-targeting_00026,non-targeting_00026,R2,(BC)GTTTCAGAGCTAAGCACAAG,GAGCCTCTTGGTTCCATGGA,CRISPR Guide Capture,Non-Targeting,Non-Targeting
non-targeting_02263,non-targeting_02263,R2,(BC)GTTTAAGAGCTAAGCTGGAA,GAGCGTTTCTTGGCACCGCT,CRISPR Guide Capture,Non-Targeting,Non-Targeting
non-targeting_00027,non-targeting_00027,R2,(BC)GTTTCAGAGCTAAGCACAAG,GCTCCCCCGCTTCACTTGGG,CRISPR Guide Capture,Non-Targeting,Non-Targeting
non-targeting_00143,non-targeting_00143,R2,(BC)GTTTAAGAGCTAAGCTGGAA,GCCCGGGGGGGGTCGTAGGT,CRISPR Guide Capture,Non-Targeting,Non-Targeting
non-targeting_00031,non-targeting_00031,R2,(BC)GTTTCAGAGCTAAGCACAAG,GTTCCGATGGTTAAGCACGA,CRISPR Guide Capture,Non-Targeting,Non-Targeting
non-targeting_00014,non-targeting_00014,R2,(BC)GTTTAAGAGCTAAGCTGGAA,GGCCCTACATCGCTAGGCTA,CRISPR Guide Capture,Non-Targeting,Non-Targeting
non-targeting_00033,non-targeting_00033,R2,(BC)GTTTCAGAGCTAAGCACAAG,GAGAACTCCCGGCAATTAGG,CRISPR Guide Capture,Non-Targeting,Non-Targeting
non-targeting_02025,non-targeting_02025,R2,(BC)GTTTAAGAGCTAAGCTGGAA,GCGCGAGACCCAGTATGCCA,CRISPR Guide Capture,Non-Targeting,Non-Targeting
non-targeting_00035,non-targeting_00035,R2,(BC)GTTTCAGAGCTAAGCACAAG,GATCTCCGGGGCGTTAGGCC,CRISPR Guide Capture,Non-Targeting,Non-Targeting
non-targeting_03439,non-targeting_03439,R2,(BC)GTTTAAGAGCTAAGCTGGAA,GATGAGGCCAAACCATCAAG,CRISPR Guide Capture,Non-Targeting,Non-Targeting
non-targeting_00037,non-targeting_00037,R2,(BC)GTTTCAGAGCTAAGCACAAG,GACGTGTGTTACGGGGGGAA,CRISPR Guide Capture,Non-Targeting,Non-Targeting
non-targeting_03093,non-targeting_03093,R2,(BC)GTTTAAGAGCTAAGCTGGAA,GACCAGTCAACCAACGGCGT,CRISPR Guide Capture,Non-Targeting,Non-Targeting
non-targeting_00038,non-targeting_00038,R2,(BC)GTTTCAGAGCTAAGCACAAG,GGAGAGGAAGTCGTCGGAAA,CRISPR Guide Capture,Non-Targeting,Non-Targeting
non-targeting_00083,non-targeting_00083,R2,(BC)GTTTAAGAGCTAAGCTGGAA,GATCCTGACGGGGACTACAT,CRISPR Guide Capture,Non-Targeting,Non-Targeting
non-targeting_00039,non-targeting_00039,R2,(BC)GTTTCAGAGCTAAGCACAAG,GCGTACGACAATACGCGCGA,CRISPR Guide Capture,Non-Targeting,Non-Targeting
non-targeting_01771,non-targeting_01771,R2,(BC)GTTTAAGAGCTAAGCTGGAA,GCATATGACGAACAAAGATC,CRISPR Guide Capture,Non-Targeting,Non-Targeting
non-targeting_00047,non-targeting_00047,R2,(BC)GTTTCAGAGCTAAGCACAAG,GTACATTGCTCTGGGGCGTA,CRISPR Guide Capture,Non-Targeting,Non-Targeting
non-targeting_00882,non-targeting_00882,R2,(BC)GTTTAAGAGCTAAGCTGGAA,GCAGCACCGGGGCAGAAAGT,CRISPR Guide Capture,Non-Targeting,Non-Targeting
non-targeting_00050,non-targeting_00050,R2,(BC)GTTTCAGAGCTAAGCACAAG,GGTGATCAAATGCCTATGAT,CRISPR Guide Capture,Non-Targeting,Non-Targeting
non-targeting_03642,non-targeting_03642,R2,(BC)GTTTAAGAGCTAAGCTGGAA,GCGCGGAGGGGTAGGCGTCA,CRISPR Guide Capture,Non-Targeting,Non-Targeting
non-targeting_00054,non-targeting_00054,R2,(BC)GTTTCAGAGCTAAGCACAAG,GGGCCTGGACGAGCCTAAAA,CRISPR Guide Capture,Non-Targeting,Non-Targeting
non-targeting_01095,non-targeting_01095,R2,(BC)GTTTAAGAGCTAAGCTGGAA,GAGTGTTTACGGTATTTTTG,CRISPR Guide Capture,Non-Targeting,Non-Targeting
non-targeting_00057,non-targeting_00057,R2,(BC)GTTTCAGAGCTAAGCACAAG,GCCCCCTACGACAGGTACAT,CRISPR Guide Capture,Non-Targeting,Non-Targeting
non-targeting_00277,non-targeting_00277,R2,(BC)GTTTAAGAGCTAAGCTGGAA,GGCCGGCCCGGACCCCTAGT,CRISPR Guide Capture,Non-Targeting,Non-Targeting
non-targeting_00062,non-targeting_00062,R2,(BC)GTTTCAGAGCTAAGCACAAG,GCCCAAAGGGCGGCAAGCAG,CRISPR Guide Capture,Non-Targeting,Non-Targeting
non-targeting_02518,non-targeting_02518,R2,(BC)GTTTAAGAGCTAAGCTGGAA,GTCGGTAAGGGGATGGCGTA,CRISPR Guide Capture,Non-Targeting,Non-Targeting
non-targeting_00065,non-targeting_00065,R2,(BC)GTTTCAGAGCTAAGCACAAG,GGCGGCGACGCACGCTACCT,CRISPR Guide Capture,Non-Targeting,Non-Targeting
non-targeting_02434,non-targeting_02434,R2,(BC)GTTTAAGAGCTAAGCTGGAA,GCGCGCGTGGTCGTAGACGT,CRISPR Guide Capture,Non-Targeting,Non-Targeting
non-targeting_00068,non-targeting_00068,R2,(BC)GTTTCAGAGCTAAGCACAAG,GCCTCCCCCATGCTGAGTAA,CRISPR Guide Capture,Non-Targeting,Non-Targeting
non-targeting_00473,non-targeting_00473,R2,(BC)GTTTAAGAGCTAAGCTGGAA,GACGTCAGTATAGACTGCAA,CRISPR Guide Capture,Non-Targeting,Non-Targeting
non-targeting_00077,non-targeting_00077,R2,(BC)GTTTCAGAGCTAAGCACAAG,GGAAACGACGGAGTATTCCG,CRISPR Guide Capture,Non-Targeting,Non-Targeting
non-targeting_01678,non-targeting_01678,R2,(BC)GTTTAAGAGCTAAGCTGGAA,GCGCACGCGGACGGGCCTGC,CRISPR Guide Capture,Non-Targeting,Non-Targeting
non-targeting_00081,non-targeting_00081,R2,(BC)GTTTCAGAGCTAAGCACAAG,GTCCCGTTGAGAGAGGACAC,CRISPR Guide Capture,Non-Targeting,Non-Targeting
non-targeting_03672,non-targeting_03672,R2,(BC)GTTTAAGAGCTAAGCTGGAA,GAGCGCGTAGAGGTCCCCCC,CRISPR Guide Capture,Non-Targeting,Non-Targeting
non-targeting_00089,non-targeting_00089,R2,(BC)GTTTCAGAGCTAAGCACAAG,GGGGTGAGGGTCCAATTCGG,CRISPR Guide Capture,Non-Targeting,Non-Targeting
non-targeting_01490,non-targeting_01490,R2,(BC)GTTTAAGAGCTAAGCTGGAA,GCCCGGAAGCGACATACGAC,CRISPR Guide Capture,Non-Targeting,Non-Targeting
non-targeting_00092,non-targeting_00092,R2,(BC)GTTTCAGAGCTAAGCACAAG,GGATTAACCCAGGGCTTTGA,CRISPR Guide Capture,Non-Targeting,Non-Targeting
non-targeting_00192,non-targeting_00192,R2,(BC)GTTTAAGAGCTAAGCTGGAA,GTGTACGGCACCCGTGGCAA,CRISPR Guide Capture,Non-Targeting,Non-Targeting
non-targeting_00095,non-targeting_00095,R2,(BC)GTTTCAGAGCTAAGCACAAG,GCCGGGGCCTTGGAAAACAC,CRISPR Guide Capture,Non-Targeting,Non-Targeting
non-targeting_03143,non-targeting_03143,R2,(BC)GTTTAAGAGCTAAGCTGGAA,GCTGCGCCCAGGCGGTGCGA,CRISPR Guide Capture,Non-Targeting,Non-Targeting
non-targeting_00106,non-targeting_00106,R2,(BC)GTTTCAGAGCTAAGCACAAG,GAAACTCCGCAGGCCAAGTA,CRISPR Guide Capture,Non-Targeting,Non-Targeting
non-targeting_02193,non-targeting_02193,R2,(BC)GTTTAAGAGCTAAGCTGGAA,GCAGTGCCCACGACGTCACG,CRISPR Guide Capture,Non-Targeting,Non-Targeting
non-targeting_00116,non-targeting_00116,R2,(BC)GTTTCAGAGCTAAGCACAAG,GCAGGAGCTCAACGACGGTG,CRISPR Guide Capture,Non-Targeting,Non-Targeting
non-targeting_02560,non-targeting_02560,R2,(BC)GTTTAAGAGCTAAGCTGGAA,GTTCCCCCTTTTACGGTCGC,CRISPR Guide Capture,Non-Targeting,Non-Targeting
non-targeting_00119,non-targeting_00119,R2,(BC)GTTTCAGAGCTAAGCACAAG,GGCGCCACGAGGATCAAAGC,CRISPR Guide Capture,Non-Targeting,Non-Targeting
non-targeting_02445,non-targeting_02445,R2,(BC)GTTTAAGAGCTAAGCTGGAA,GGTAGGGCCATCGCACGCTT,CRISPR Guide Capture,Non-Targeting,Non-Targeting
non-targeting_00121,non-targeting_00121,R2,(BC)GTTTCAGAGCTAAGCACAAG,GAGGGCCCGCTCGTCCTCAG,CRISPR Guide Capture,Non-Targeting,Non-Targeting
non-targeting_00339,non-targeting_00339,R2,(BC)GTTTAAGAGCTAAGCTGGAA,GTATTCGTACCGGGCAGCAG,CRISPR Guide Capture,Non-Targeting,Non-Targeting
non-targeting_00125,non-targeting_00125,R2,(BC)GTTTCAGAGCTAAGCACAAG,GGGCGGGTCGGACATCGCCT,CRISPR Guide Capture,Non-Targeting,Non-Targeting
non-targeting_02335,non-targeting_02335,R2,(BC)GTTTAAGAGCTAAGCTGGAA,GCTGCACCTCCGAAGCATTT,CRISPR Guide Capture,Non-Targeting,Non-Targeting
non-targeting_00131,non-targeting_00131,R2,(BC)GTTTCAGAGCTAAGCACAAG,GCGCGTCGTTACAGGGGCGG,CRISPR Guide Capture,Non-Targeting,Non-Targeting
non-targeting_02325,non-targeting_02325,R2,(BC)GTTTAAGAGCTAAGCTGGAA,GCCGTAAAATGTCGACGTGA,CRISPR Guide Capture,Non-Targeting,Non-Targeting
